mapa,layout,largura,altura,tipo,banco_primario,banco_secundario,alias_camera,status,checkpoint,warps,objetos
AbandonedShip_CaptainsOffice,LAYOUT_ARAUNA_NAVIO_CAPTAINSOFFICE_V1,9,7,MAP_TYPE_UNDERGROUND,gTileset_AraunaNavioMar,gTileset_AraunaNavioConves,False,Arte Arauna presente; aprovação visual exige revisão,V1 instalada,2,2
AbandonedShip_Corridors_1F,LAYOUT_ARAUNA_NAVIO_CORRIDORS_1F_V1,18,12,MAP_TYPE_UNDERGROUND,gTileset_AraunaNavioMar,gTileset_AraunaNavioInterior,False,Arte Arauna presente; aprovação visual exige revisão,V1 instalada,12,2
AbandonedShip_Corridors_B1F,LAYOUT_ARAUNA_NAVIO_CORRIDORS_B1F_V1,13,10,MAP_TYPE_UNDERGROUND,gTileset_AraunaNavioMar,gTileset_AraunaNavioInterior,False,Arte Arauna presente; aprovação visual exige revisão,V1 instalada,8,2
AbandonedShip_Deck,LAYOUT_ARAUNA_NAVIO_DECK_V1,23,21,MAP_TYPE_UNDERGROUND,gTileset_AraunaNavioMar,gTileset_AraunaNavioConves,False,Arte Arauna presente; aprovação visual exige revisão,V1 instalada,5,0
AbandonedShip_HiddenFloorCorridors,LAYOUT_ARAUNA_NAVIO_HIDDENFLOORCORRIDORS_V1,13,11,MAP_TYPE_UNDERGROUND,gTileset_AraunaNavioMar,gTileset_AraunaNavioAlagado,False,Arte Arauna presente; aprovação visual exige revisão,V1 instalada,6,0
AbandonedShip_HiddenFloorRooms,LAYOUT_ARAUNA_NAVIO_HIDDENFLOORROOMS_V1,44,15,MAP_TYPE_UNDERGROUND,gTileset_AraunaNavioMar,gTileset_AraunaNavioAlagado,False,Arte Arauna presente; aprovação visual exige revisão,V1 instalada,9,4
AbandonedShip_Room_B1F,LAYOUT_ARAUNA_NAVIO_ROOM_B1F_V1,9,8,MAP_TYPE_UNDERGROUND,gTileset_AraunaNavioMar,gTileset_AraunaNavioInterior,False,Arte Arauna presente; aprovação visual exige revisão,V1 instalada,2,1
AbandonedShip_Rooms2_1F,LAYOUT_ARAUNA_NAVIO_ROOMS2_1F_V1,9,17,MAP_TYPE_UNDERGROUND,gTileset_AraunaNavioMar,gTileset_AraunaNavioInterior,False,Arte Arauna presente; aprovação visual exige revisão,V1 instalada,3,5
AbandonedShip_Rooms2_B1F,LAYOUT_ARAUNA_NAVIO_ROOMS2_B1F_V1,18,8,MAP_TYPE_UNDERGROUND,gTileset_AraunaNavioMar,gTileset_AraunaNavioInterior,False,Arte Arauna presente; aprovação visual exige revisão,V1 instalada,4,2
AbandonedShip_Rooms_1F,LAYOUT_ARAUNA_NAVIO_ROOMS_1F_V1,18,17,MAP_TYPE_UNDERGROUND,gTileset_AraunaNavioMar,gTileset_AraunaNavioInterior,False,Arte Arauna presente; aprovação visual exige revisão,V1 instalada,6,4
AbandonedShip_Rooms_B1F,LAYOUT_ARAUNA_NAVIO_ROOMS_B1F_V1,27,8,MAP_TYPE_UNDERGROUND,gTileset_AraunaNavioMar,gTileset_AraunaNavioInterior,False,Arte Arauna presente; aprovação visual exige revisão,V1 instalada,3,2
AbandonedShip_Underwater1,LAYOUT_ARAUNA_NAVIO_UNDERWATER1_V1,8,8,MAP_TYPE_UNDERWATER,gTileset_AraunaNavioMar,gTileset_AraunaNavioAlagado,False,Arte Arauna presente; aprovação visual exige revisão,V1 instalada,2,0
AbandonedShip_Underwater2,LAYOUT_ARAUNA_NAVIO_UNDERWATER2_V1,21,7,MAP_TYPE_UNDERWATER,gTileset_AraunaNavioMar,gTileset_AraunaNavioAlagado,False,Arte Arauna presente; aprovação visual exige revisão,V1 instalada,1,0
AlteringCave,LAYOUT_ALTERING_CAVE,32,24,MAP_TYPE_UNDERGROUND,gTileset_General,gTileset_AraunaAlteringCave03C,True,Arte Arauna presente; aprovação visual exige revisão,V1 instalada,1,0
AncientTomb,LAYOUT_ANCIENT_TOMB,17,33,MAP_TYPE_UNDERGROUND,gTileset_General,gTileset_AraunaAncientTomb03BV11,True,Arte Arauna presente; aprovação visual exige revisão,V1 instalada,3,1
AquaHideout_1F,LAYOUT_ARAUNA_ARQUIVO_1F_V1,28,30,MAP_TYPE_INDOOR,gTileset_General,gTileset_AraunaArquivoCentral,False,Arte Arauna presente; aprovação visual exige revisão,V1 instalada,3,3
AquaHideout_B1F,LAYOUT_ARAUNA_ARQUIVO_B1F_V1,51,24,MAP_TYPE_INDOOR,gTileset_General,gTileset_AraunaArquivoCentral,False,Arte Arauna presente; aprovação visual exige revisão,V1 instalada,25,9
AquaHideout_B2F,LAYOUT_ARAUNA_ARQUIVO_B2F_V1,34,24,MAP_TYPE_INDOOR,gTileset_General,gTileset_AraunaArquivoCentral,False,Arte Arauna presente; aprovação visual exige revisão,V1 instalada,10,6
AquaHideout_UnusedRubyMap1,LAYOUT_ARAUNA_ARQUIVO_UNUSEDRUBYMAP1_V1,28,30,MAP_TYPE_UNDERGROUND,gTileset_General,gTileset_AraunaArquivoCentral,False,Arte Arauna presente; aprovação visual exige revisão,V1 instalada,0,2
AquaHideout_UnusedRubyMap2,LAYOUT_ARAUNA_ARQUIVO_UNUSEDRUBYMAP2_V1,62,24,MAP_TYPE_UNDERGROUND,gTileset_General,gTileset_AraunaArquivoCentral,False,Arte Arauna presente; aprovação visual exige revisão,V1 instalada,0,0
AquaHideout_UnusedRubyMap3,LAYOUT_ARAUNA_ARQUIVO_UNUSEDRUBYMAP3_V1,34,24,MAP_TYPE_UNDERGROUND,gTileset_General,gTileset_AraunaArquivoCentral,False,Arte Arauna presente; aprovação visual exige revisão,V1 instalada,0,0
Arauna_Anahi_Equipamentos,LAYOUT_ARAUNA_ANAHI_EQUIPAMENTOS,11,10,MAP_TYPE_INDOOR,gTileset_Building,gTileset_AraunaAnahi,False,Arte Arauna presente; aprovação visual exige revisão,V1 instalada,1,0
Arauna_Anahi_Pesquisa,LAYOUT_ARAUNA_ANAHI_PESQUISA,11,10,MAP_TYPE_INDOOR,gTileset_Building,gTileset_AraunaAnahi,False,Arte Arauna presente; aprovação visual exige revisão,V1 instalada,1,0
Arauna_CasaFogueira_Entrada,LAYOUT_ARAUNA_CASA_FOGUEIRA_ENTRADA,15,10,MAP_TYPE_INDOOR,gTileset_Building,gTileset_AraunaFogueira,False,Arte Arauna presente; aprovação visual exige revisão,V1 instalada,3,1
Arauna_CasaFogueira_Memorial,LAYOUT_ARAUNA_CASA_FOGUEIRA_MEMORIAL,15,10,MAP_TYPE_INDOOR,gTileset_Building,gTileset_AraunaFogueira,False,Arte Arauna presente; aprovação visual exige revisão,V1 instalada,1,0
Arauna_CasaFogueira_Salao,LAYOUT_ARAUNA_CASA_FOGUEIRA_SALAO,15,14,MAP_TYPE_INDOOR,gTileset_Building,gTileset_AraunaFogueira,False,Arte Arauna presente; aprovação visual exige revisão,V1 instalada,1,6
Arauna_CasaUivo_Memorias,LAYOUT_ARAUNA_CASA_UIVO_MEMORIAS,13,11,MAP_TYPE_INDOOR,gTileset_Building,gTileset_AraunaUivoInterior,False,Arte Arauna presente; aprovação visual exige revisão,V1 instalada,1,0
Arauna_CasaUivo_Refugio,LAYOUT_ARAUNA_CASA_UIVO_REFUGIO,26,28,MAP_TYPE_CITY,gTileset_General,gTileset_AraunaUivoRefugio,False,Arte Arauna presente; aprovação visual exige revisão,V1 instalada,2,0
Arauna_CasaUivo_Sala,LAYOUT_ARAUNA_CASA_UIVO_SALA,15,13,MAP_TYPE_INDOOR,gTileset_Building,gTileset_AraunaUivoInterior,False,Arte Arauna presente; aprovação visual exige revisão,V1 instalada,2,2
Arauna_PrimeiraCamara_Chegada,LAYOUT_ARAUNA_PRIMEIRA_CAMARA_CHEGADA,30,26,MAP_TYPE_UNDERGROUND,gTileset_Building,gTileset_AraunaPrimeiraCamara,False,Arte Arauna presente; aprovação visual exige revisão,V1 instalada,4,0
Arauna_PrimeiraCamara_Interior,LAYOUT_ARAUNA_PRIMEIRA_CAMARA_INTERIOR,22,24,MAP_TYPE_UNDERGROUND,gTileset_Building,gTileset_AraunaPrimeiraCamara,False,Arte Arauna presente; aprovação visual exige revisão,V1 instalada,2,0
ArtisanCave_1F,LAYOUT_ARTISAN_CAVE_1F,21,22,MAP_TYPE_UNDERGROUND,gTileset_General,gTileset_AraunaArtisanCave03C,True,Arte Arauna presente; aprovação visual exige revisão,V1 instalada,2,1
ArtisanCave_B1F,LAYOUT_ARTISAN_CAVE_B1F,46,54,MAP_TYPE_UNDERGROUND,gTileset_General,gTileset_AraunaArtisanCave03C,True,Arte Arauna presente; aprovação visual exige revisão,V1 instalada,2,1
BattleColosseum_2P,LAYOUT_BATTLE_COLOSSEUM_2P,14,9,MAP_TYPE_INDOOR,gTileset_Building,gTileset_CableClub,False,Bancos nativos; sem alias de câmera,08F Conexão,2,1
BattleColosseum_4P,LAYOUT_BATTLE_COLOSSEUM_4P,14,9,MAP_TYPE_INDOOR,gTileset_Building,gTileset_CableClub,False,Bancos nativos; sem alias de câmera,08F Conexão,4,0
BattleFrontier_BattleArenaBattleRoom,LAYOUT_BATTLE_FRONTIER_BATTLE_ARENA_BATTLE_ROOM,16,11,MAP_TYPE_INDOOR,gTileset_AraunaFrontier07CArenaBase,gTileset_AraunaFrontier07CArenaArt,False,Arte Arauna presente; aprovação visual exige revisão,V1 instalada,0,9
BattleFrontier_BattleArenaCorridor,LAYOUT_BATTLE_FRONTIER_BATTLE_ARENA_CORRIDOR,18,14,MAP_TYPE_INDOOR,gTileset_AraunaFrontier07CArenaBase,gTileset_AraunaFrontier07CArenaArt,False,Arte Arauna presente; aprovação visual exige revisão,V1 instalada,0,1
BattleFrontier_BattleArenaLobby,LAYOUT_BATTLE_FRONTIER_BATTLE_ARENA_LOBBY,16,13,MAP_TYPE_INDOOR,gTileset_AraunaFrontier07CArenaBase,gTileset_AraunaFrontier07CArenaArt,False,Arte Arauna presente; aprovação visual exige revisão,V1 instalada,1,5
BattleFrontier_BattleDomeBattleRoom,LAYOUT_BATTLE_FRONTIER_BATTLE_DOME_BATTLE_ROOM,20,10,MAP_TYPE_INDOOR,gTileset_AraunaFrontier07BDomeBase,gTileset_AraunaFrontier07BDomeArt,False,Arte Arauna presente; aprovação visual exige revisão,V1 instalada,0,15
BattleFrontier_BattleDomeCorridor,LAYOUT_BATTLE_FRONTIER_BATTLE_DOME_CORRIDOR,48,7,MAP_TYPE_INDOOR,gTileset_AraunaFrontier07BDomeBase,gTileset_AraunaFrontier07BDomeArt,False,Arte Arauna presente; aprovação visual exige revisão,V1 instalada,2,1
BattleFrontier_BattleDomeLobby,LAYOUT_BATTLE_FRONTIER_BATTLE_DOME_LOBBY,23,17,MAP_TYPE_INDOOR,gTileset_AraunaFrontier07BDomeBase,gTileset_AraunaFrontier07BDomeArt,False,Arte Arauna presente; aprovação visual exige revisão,V1 instalada,2,6
BattleFrontier_BattleDomePreBattleRoom,LAYOUT_BATTLE_FRONTIER_BATTLE_DOME_PRE_BATTLE_ROOM,9,8,MAP_TYPE_INDOOR,gTileset_AraunaFrontier07BDomeBase,gTileset_AraunaFrontier07BDomeArt,False,Arte Arauna presente; aprovação visual exige revisão,V1 instalada,2,1
BattleFrontier_BattleFactoryBattleRoom,LAYOUT_BATTLE_FRONTIER_BATTLE_FACTORY_BATTLE_ROOM,13,12,MAP_TYPE_INDOOR,gTileset_AraunaFrontier07DFactoryBase,gTileset_AraunaFrontier07DFactoryArt,False,Arte Arauna presente; aprovação visual exige revisão,V1 instalada,0,8
BattleFrontier_BattleFactoryLobby,LAYOUT_BATTLE_FRONTIER_BATTLE_FACTORY_LOBBY,19,12,MAP_TYPE_INDOOR,gTileset_AraunaFrontier07DFactoryBase,gTileset_AraunaFrontier07DFactoryArt,False,Arte Arauna presente; aprovação visual exige revisão,V1 instalada,2,6
BattleFrontier_BattleFactoryPreBattleRoom,LAYOUT_BATTLE_FRONTIER_BATTLE_FACTORY_PRE_BATTLE_ROOM,17,14,MAP_TYPE_INDOOR,gTileset_AraunaFrontier07DFactoryBase,gTileset_AraunaFrontier07DFactoryArt,False,Arte Arauna presente; aprovação visual exige revisão,V1 instalada,0,1
BattleFrontier_BattlePalaceBattleRoom,LAYOUT_BATTLE_FRONTIER_BATTLE_PALACE_BATTLE_ROOM,15,10,MAP_TYPE_INDOOR,gTileset_AraunaFrontier07CPalaceGardenBase,gTileset_AraunaFrontier07CPalaceGardenArt,False,Arte Arauna presente; aprovação visual exige revisão,V1 instalada,2,5
BattleFrontier_BattlePalaceCorridor,LAYOUT_BATTLE_FRONTIER_BATTLE_PALACE_CORRIDOR,17,14,MAP_TYPE_INDOOR,gTileset_AraunaFrontier07CPalaceGardenBase,gTileset_AraunaFrontier07CPalaceGardenArt,False,Arte Arauna presente; aprovação visual exige revisão,V1 instalada,4,7
BattleFrontier_BattlePalaceLobby,LAYOUT_BATTLE_FRONTIER_BATTLE_PALACE_LOBBY,25,12,MAP_TYPE_INDOOR,gTileset_AraunaFrontier07CPalaceLobbyBase,gTileset_AraunaFrontier07CPalaceLobbyArt,False,Arte Arauna presente; aprovação visual exige revisão,V1 instalada,3,6
BattleFrontier_BattlePikeCorridor,LAYOUT_BATTLE_FRONTIER_BATTLE_PIKE_CORRIDOR,14,8,MAP_TYPE_INDOOR,gTileset_AraunaFrontier07EPikeBase,gTileset_AraunaFrontier07EPikeArt,False,Arte Arauna presente; aprovação visual exige revisão,V1 instalada,0,1
BattleFrontier_BattlePikeLobby,LAYOUT_BATTLE_FRONTIER_BATTLE_PIKE_LOBBY,11,13,MAP_TYPE_INDOOR,gTileset_AraunaFrontier07EPikeBase,gTileset_AraunaFrontier07EPikeArt,False,Arte Arauna presente; aprovação visual exige revisão,V1 instalada,3,4
BattleFrontier_BattlePikeRoomFinal,LAYOUT_BATTLE_FRONTIER_BATTLE_PIKE_ROOM_FINAL,5,8,MAP_TYPE_INDOOR,gTileset_AraunaFrontier07EPikeBase,gTileset_AraunaFrontier07EPikeArt,False,Arte Arauna presente; aprovação visual exige revisão,V1 instalada,0,1
BattleFrontier_BattlePikeRoomNormal,LAYOUT_BATTLE_FRONTIER_BATTLE_PIKE_ROOM_NORMAL,9,8,MAP_TYPE_INDOOR,gTileset_AraunaFrontier07EPikeBase,gTileset_AraunaFrontier07EPikeArt,False,Arte Arauna presente; aprovação visual exige revisão,V1 instalada,0,2
BattleFrontier_BattlePikeRoomWildMons,LAYOUT_BATTLE_FRONTIER_BATTLE_PIKE_ROOM_WILD_MONS,9,20,MAP_TYPE_INDOOR,gTileset_AraunaFrontier07EPikeBase,gTileset_AraunaFrontier07EPikeArt,False,Arte Arauna presente; aprovação visual exige revisão,V1 instalada,0,0
BattleFrontier_BattlePikeThreePathRoom,LAYOUT_BATTLE_FRONTIER_BATTLE_PIKE_THREE_PATH_ROOM,13,11,MAP_TYPE_INDOOR,gTileset_AraunaFrontier07EPikeBase,gTileset_AraunaFrontier07EPikeArt,False,Arte Arauna presente; aprovação visual exige revisão,V1 instalada,0,2
BattleFrontier_BattlePyramidFloor,LAYOUT_BATTLE_FRONTIER_BATTLE_PYRAMID_FLOOR,8,8,MAP_TYPE_INDOOR,gTileset_AraunaFrontier07FPyramidBase,gTileset_AraunaFrontier07FPyramidArt,False,Arte Arauna presente; aprovação visual exige revisão,V1 instalada,0,16
BattleFrontier_BattlePyramidLobby,LAYOUT_BATTLE_FRONTIER_BATTLE_PYRAMID_LOBBY,15,18,MAP_TYPE_INDOOR,gTileset_AraunaFrontier07FPyramidBase,gTileset_AraunaFrontier07FPyramidArt,False,Arte Arauna presente; aprovação visual exige revisão,V1 instalada,1,4
BattleFrontier_BattlePyramidTop,LAYOUT_BATTLE_FRONTIER_BATTLE_PYRAMID_TOP,34,23,MAP_TYPE_INDOOR,gTileset_AraunaFrontier07FPyramidBase,gTileset_AraunaFrontier07FPyramidArt,False,Arte Arauna presente; aprovação visual exige revisão,V1 instalada,0,2
BattleFrontier_BattleTowerBattleRoom,LAYOUT_BATTLE_FRONTIER_BATTLE_TOWER_BATTLE_ROOM,10,9,MAP_TYPE_INDOOR,gTileset_AraunaFrontier07ATowerBase,gTileset_AraunaFrontier07ATowerArt,False,Arte Arauna presente; aprovação visual exige revisão,V1 instalada,2,3
BattleFrontier_BattleTowerCorridor,LAYOUT_BATTLE_FRONTIER_BATTLE_TOWER_CORRIDOR,17,5,MAP_TYPE_INDOOR,gTileset_AraunaFrontier07ATowerBase,gTileset_AraunaFrontier07ATowerArt,False,Arte Arauna presente; aprovação visual exige revisão,V1 instalada,0,1
BattleFrontier_BattleTowerElevator,LAYOUT_BATTLE_ELEVATOR,5,7,MAP_TYPE_INDOOR,gTileset_AraunaFrontier07ATowerBase,gTileset_AraunaFrontier07ATowerArt,False,Arte Arauna presente; aprovação visual exige revisão,V1 instalada,0,1
BattleFrontier_BattleTowerLobby,LAYOUT_BATTLE_FRONTIER_BATTLE_TOWER_LOBBY,25,10,MAP_TYPE_INDOOR,gTileset_AraunaFrontier07ATowerBase,gTileset_AraunaFrontier07ATowerArt,False,Arte Arauna presente; aprovação visual exige revisão,V1 instalada,3,9
BattleFrontier_BattleTowerMultiBattleRoom,LAYOUT_BATTLE_FRONTIER_BATTLE_TOWER_BATTLE_ROOM,10,9,MAP_TYPE_INDOOR,gTileset_AraunaFrontier07ATowerBase,gTileset_AraunaFrontier07ATowerArt,False,Arte Arauna presente; aprovação visual exige revisão,V1 instalada,0,6
BattleFrontier_BattleTowerMultiCorridor,LAYOUT_BATTLE_FRONTIER_BATTLE_TOWER_MULTI_CORRIDOR,17,5,MAP_TYPE_INDOOR,gTileset_AraunaFrontier07ATowerBase,gTileset_AraunaFrontier07ATowerArt,False,Arte Arauna presente; aprovação visual exige revisão,V1 instalada,0,4
BattleFrontier_BattleTowerMultiPartnerRoom,LAYOUT_BATTLE_FRONTIER_BATTLE_TOWER_MULTI_PARTNER_ROOM,21,15,MAP_TYPE_INDOOR,gTileset_AraunaFrontier07ATowerBase,gTileset_AraunaFrontier07ATowerArt,False,Arte Arauna presente; aprovação visual exige revisão,V1 instalada,0,9
BattleFrontier_ExchangeServiceCorner,LAYOUT_BATTLE_FRONTIER_EXCHANGE_SERVICE_CORNER,15,11,MAP_TYPE_INDOOR,gTileset_AraunaFrontier07HExchangeBase,gTileset_AraunaFrontier07HExchangeArt,False,Arte Arauna presente; aprovação visual exige revisão,V1 instalada,3,9
BattleFrontier_Lounge1,LAYOUT_BATTLE_FRONTIER_LOUNGE2,9,10,MAP_TYPE_INDOOR,gTileset_AraunaFrontier07GLoungeNarrowBase,gTileset_AraunaFrontier07GLoungeNarrowArt,False,Arte Arauna presente; aprovação visual exige revisão,V1 instalada,1,3
BattleFrontier_Lounge2,LAYOUT_BATTLE_FRONTIER_LOUNGE1,13,8,MAP_TYPE_INDOOR,gTileset_AraunaFrontier07GLoungeWideBase,gTileset_AraunaFrontier07GLoungeWideArt,False,Arte Arauna presente; aprovação visual exige revisão,V1 instalada,2,5
BattleFrontier_Lounge3,LAYOUT_BATTLE_FRONTIER_LOUNGE2,9,10,MAP_TYPE_INDOOR,gTileset_AraunaFrontier07GLoungeNarrowBase,gTileset_AraunaFrontier07GLoungeNarrowArt,False,Arte Arauna presente; aprovação visual exige revisão,V1 instalada,1,5
BattleFrontier_Lounge4,LAYOUT_BATTLE_FRONTIER_LOUNGE2,9,10,MAP_TYPE_INDOOR,gTileset_AraunaFrontier07GLoungeNarrowBase,gTileset_AraunaFrontier07GLoungeNarrowArt,False,Arte Arauna presente; aprovação visual exige revisão,V1 instalada,1,3
BattleFrontier_Lounge5,LAYOUT_BATTLE_FRONTIER_LOUNGE1,13,8,MAP_TYPE_INDOOR,gTileset_AraunaFrontier07GLoungeWideBase,gTileset_AraunaFrontier07GLoungeWideArt,False,Arte Arauna presente; aprovação visual exige revisão,V1 instalada,2,4
BattleFrontier_Lounge6,LAYOUT_BATTLE_FRONTIER_LOUNGE2,9,10,MAP_TYPE_INDOOR,gTileset_AraunaFrontier07GLoungeNarrowBase,gTileset_AraunaFrontier07GLoungeNarrowArt,False,Arte Arauna presente; aprovação visual exige revisão,V1 instalada,1,1
BattleFrontier_Lounge7,LAYOUT_BATTLE_FRONTIER_LOUNGE2,9,10,MAP_TYPE_INDOOR,gTileset_AraunaFrontier07GLoungeNarrowBase,gTileset_AraunaFrontier07GLoungeNarrowArt,False,Arte Arauna presente; aprovação visual exige revisão,V1 instalada,1,4
BattleFrontier_Lounge8,LAYOUT_BATTLE_FRONTIER_LOUNGE2,9,10,MAP_TYPE_INDOOR,gTileset_AraunaFrontier07GLoungeNarrowBase,gTileset_AraunaFrontier07GLoungeNarrowArt,False,Arte Arauna presente; aprovação visual exige revisão,V1 instalada,1,3
BattleFrontier_Lounge9,LAYOUT_BATTLE_FRONTIER_LOUNGE2,9,10,MAP_TYPE_INDOOR,gTileset_AraunaFrontier07GLoungeNarrowBase,gTileset_AraunaFrontier07GLoungeNarrowArt,False,Arte Arauna presente; aprovação visual exige revisão,V1 instalada,2,1
BattleFrontier_Mart,LAYOUT_MART,11,8,MAP_TYPE_INDOOR,gTileset_AraunaFrontier07HMarketBase,gTileset_AraunaFrontier07HMarketArt,False,Arte Arauna presente; aprovação visual exige revisão,V1 instalada,2,4
BattleFrontier_OutsideEast,LAYOUT_BATTLE_FRONTIER_OUTSIDE_EAST,72,72,MAP_TYPE_ROUTE,gTileset_AraunaFrontier07IEastBase,gTileset_AraunaFrontier07IEastArt,False,Arte Arauna presente; aprovação visual exige revisão,V1 instalada,14,26
BattleFrontier_OutsideWest,LAYOUT_BATTLE_FRONTIER_OUTSIDE_WEST,56,72,MAP_TYPE_ROUTE,gTileset_AraunaFrontier07IWestBase,gTileset_AraunaFrontier07IWestArt,False,Arte Arauna presente; aprovação visual exige revisão,V1 instalada,11,24
BattleFrontier_PokemonCenter_1F,LAYOUT_POKEMON_CENTER_1F,14,9,MAP_TYPE_INDOOR,gTileset_AraunaFrontier07HClinicBase,gTileset_AraunaFrontier07HClinicArt,False,Arte Arauna presente; aprovação visual exige revisão,V1 instalada,3,5
BattleFrontier_PokemonCenter_2F,LAYOUT_POKEMON_CENTER_2F,14,10,MAP_TYPE_INDOOR,gTileset_AraunaFrontier07HClinicBase,gTileset_AraunaFrontier07HClinicArt,False,Arte Arauna presente; aprovação visual exige revisão,V1 instalada,3,4
BattleFrontier_RankingHall,LAYOUT_BATTLE_FRONTIER_RANKING_HALL,53,15,MAP_TYPE_INDOOR,gTileset_AraunaFrontier07HRecordsBase,gTileset_AraunaFrontier07HRecordsArt,False,Arte Arauna presente; aprovação visual exige revisão,V1 instalada,2,3
BattleFrontier_ReceptionGate,LAYOUT_BATTLE_FRONTIER_RECEPTION_GATE,9,14,MAP_TYPE_INDOOR,gTileset_AraunaFrontier07IGateBase,gTileset_AraunaFrontier07IGateArt,False,Arte Arauna presente; aprovação visual exige revisão,V1 instalada,2,5
BattleFrontier_ScottsHouse,LAYOUT_BATTLE_FRONTIER_SCOTTS_HOUSE,6,8,MAP_TYPE_INDOOR,gTileset_AraunaFrontier07GBentoHouseBase,gTileset_AraunaFrontier07GBentoHouseArt,False,Arte Arauna presente; aprovação visual exige revisão,V1 instalada,2,1
BattlePyramidSquare01,LAYOUT_BATTLE_PYRAMID_SQUARE01,8,8,MAP_TYPE_INDOOR,gTileset_Building,gTileset_BattlePyramid,False,Módulo gerador; arte Arauna no banco do andar,07F concluído,0,7
BattlePyramidSquare02,LAYOUT_BATTLE_PYRAMID_SQUARE02,8,8,MAP_TYPE_INDOOR,gTileset_Building,gTileset_BattlePyramid,False,Módulo gerador; arte Arauna no banco do andar,07F concluído,0,7
BattlePyramidSquare03,LAYOUT_BATTLE_PYRAMID_SQUARE03,8,8,MAP_TYPE_INDOOR,gTileset_Building,gTileset_BattlePyramid,False,Módulo gerador; arte Arauna no banco do andar,07F concluído,0,7
BattlePyramidSquare04,LAYOUT_BATTLE_PYRAMID_SQUARE04,8,8,MAP_TYPE_INDOOR,gTileset_Building,gTileset_BattlePyramid,False,Módulo gerador; arte Arauna no banco do andar,07F concluído,0,7
BattlePyramidSquare05,LAYOUT_BATTLE_PYRAMID_SQUARE05,8,8,MAP_TYPE_INDOOR,gTileset_Building,gTileset_BattlePyramid,False,Módulo gerador; arte Arauna no banco do andar,07F concluído,0,7
BattlePyramidSquare06,LAYOUT_BATTLE_PYRAMID_SQUARE06,8,8,MAP_TYPE_INDOOR,gTileset_Building,gTileset_BattlePyramid,False,Módulo gerador; arte Arauna no banco do andar,07F concluído,0,7
BattlePyramidSquare07,LAYOUT_BATTLE_PYRAMID_SQUARE07,8,8,MAP_TYPE_INDOOR,gTileset_Building,gTileset_BattlePyramid,False,Módulo gerador; arte Arauna no banco do andar,07F concluído,0,7
BattlePyramidSquare08,LAYOUT_BATTLE_PYRAMID_SQUARE08,8,8,MAP_TYPE_INDOOR,gTileset_Building,gTileset_BattlePyramid,False,Módulo gerador; arte Arauna no banco do andar,07F concluído,0,7
BattlePyramidSquare09,LAYOUT_BATTLE_PYRAMID_SQUARE09,8,8,MAP_TYPE_INDOOR,gTileset_Building,gTileset_BattlePyramid,False,Módulo gerador; arte Arauna no banco do andar,07F concluído,0,7
BattlePyramidSquare10,LAYOUT_BATTLE_PYRAMID_SQUARE10,8,8,MAP_TYPE_INDOOR,gTileset_Building,gTileset_BattlePyramid,False,Módulo gerador; arte Arauna no banco do andar,07F concluído,0,7
BattlePyramidSquare11,LAYOUT_BATTLE_PYRAMID_SQUARE11,8,8,MAP_TYPE_INDOOR,gTileset_Building,gTileset_BattlePyramid,False,Módulo gerador; arte Arauna no banco do andar,07F concluído,0,7
BattlePyramidSquare12,LAYOUT_BATTLE_PYRAMID_SQUARE12,8,8,MAP_TYPE_INDOOR,gTileset_Building,gTileset_BattlePyramid,False,Módulo gerador; arte Arauna no banco do andar,07F concluído,0,7
BattlePyramidSquare13,LAYOUT_BATTLE_PYRAMID_SQUARE13,8,8,MAP_TYPE_INDOOR,gTileset_Building,gTileset_BattlePyramid,False,Módulo gerador; arte Arauna no banco do andar,07F concluído,0,7
BattlePyramidSquare14,LAYOUT_BATTLE_PYRAMID_SQUARE14,8,8,MAP_TYPE_INDOOR,gTileset_Building,gTileset_BattlePyramid,False,Módulo gerador; arte Arauna no banco do andar,07F concluído,0,7
BattlePyramidSquare15,LAYOUT_BATTLE_PYRAMID_SQUARE15,8,8,MAP_TYPE_INDOOR,gTileset_Building,gTileset_BattlePyramid,False,Módulo gerador; arte Arauna no banco do andar,07F concluído,0,7
BattlePyramidSquare16,LAYOUT_BATTLE_PYRAMID_SQUARE16,8,8,MAP_TYPE_INDOOR,gTileset_Building,gTileset_BattlePyramid,False,Módulo gerador; arte Arauna no banco do andar,07F concluído,0,7
BirthIsland_Exterior,LAYOUT_BIRTH_ISLAND_EXTERIOR,30,30,MAP_TYPE_INDOOR,gTileset_General,gTileset_Dewford,False,Bancos nativos; sem alias de câmera,08D Ilhas especiais,1,2
BirthIsland_Harbor,LAYOUT_ISLAND_HARBOR,17,13,MAP_TYPE_INDOOR,gTileset_General,gTileset_IslandHarbor,False,Bancos nativos; sem alias de câmera,08D Ilhas especiais,1,2
CaveOfOrigin_1F,LAYOUT_ARAUNA_ORIGEM_1F_V1,23,23,MAP_TYPE_UNDERGROUND,gTileset_General,gTileset_AraunaGrutaOrigem,False,Arte Arauna presente; aprovação visual exige revisão,V1 instalada,2,0
CaveOfOrigin_B1F,LAYOUT_ARAUNA_ORIGEM_B1F_V1,19,19,MAP_TYPE_UNDERGROUND,gTileset_General,gTileset_AraunaGrutaOrigem,False,Arte Arauna presente; aprovação visual exige revisão,V1 instalada,1,1
CaveOfOrigin_Entrance,LAYOUT_ARAUNA_ORIGEM_ENTRANCE_V1,19,26,MAP_TYPE_UNDERGROUND,gTileset_General,gTileset_AraunaGrutaOrigem,False,Arte Arauna presente; aprovação visual exige revisão,V1 instalada,2,0
CaveOfOrigin_UnusedRubySapphireMap1,LAYOUT_ARAUNA_ORIGEM_UNUSEDRUBYSAPPHIREMAP1_V1,23,23,MAP_TYPE_UNDERGROUND,gTileset_General,gTileset_AraunaGrutaOrigem,False,Arte Arauna presente; aprovação visual exige revisão,V1 instalada,2,0
CaveOfOrigin_UnusedRubySapphireMap2,LAYOUT_ARAUNA_ORIGEM_UNUSEDRUBYSAPPHIREMAP2_V1,21,21,MAP_TYPE_UNDERGROUND,gTileset_General,gTileset_AraunaGrutaOrigem,False,Arte Arauna presente; aprovação visual exige revisão,V1 instalada,2,0
CaveOfOrigin_UnusedRubySapphireMap3,LAYOUT_ARAUNA_ORIGEM_UNUSEDRUBYSAPPHIREMAP3_V1,19,21,MAP_TYPE_UNDERGROUND,gTileset_General,gTileset_AraunaGrutaOrigem,False,Arte Arauna presente; aprovação visual exige revisão,V1 instalada,2,0
ContestHall,LAYOUT_CONTEST_HALL,15,11,MAP_TYPE_INDOOR,gTileset_General,gTileset_Contest,False,Bancos nativos; sem alias de câmera,08E Concursos,0,15
ContestHallBeauty,LAYOUT_CONTEST_HALL_BEAUTY,15,11,MAP_TYPE_INDOOR,gTileset_General,gTileset_Contest,False,Bancos nativos; sem alias de câmera,08E Concursos,0,0
ContestHallCool,LAYOUT_CONTEST_HALL_COOL,15,11,MAP_TYPE_INDOOR,gTileset_General,gTileset_Contest,False,Bancos nativos; sem alias de câmera,08E Concursos,0,0
ContestHallCute,LAYOUT_CONTEST_HALL_CUTE,15,11,MAP_TYPE_INDOOR,gTileset_General,gTileset_Contest,False,Bancos nativos; sem alias de câmera,08E Concursos,0,0
ContestHallSmart,LAYOUT_CONTEST_HALL_SMART,15,11,MAP_TYPE_INDOOR,gTileset_General,gTileset_Contest,False,Bancos nativos; sem alias de câmera,08E Concursos,0,0
ContestHallTough,LAYOUT_CONTEST_HALL_TOUGH,15,11,MAP_TYPE_INDOOR,gTileset_General,gTileset_Contest,False,Bancos nativos; sem alias de câmera,08E Concursos,0,0
DesertRuins,LAYOUT_DESERT_RUINS,17,33,MAP_TYPE_UNDERGROUND,gTileset_General,gTileset_Cave,False,Bancos nativos; sem alias de câmera,08B Ruínas e cavernas,3,1
DesertUnderpass,LAYOUT_DESERT_UNDERPASS,139,23,MAP_TYPE_UNDERGROUND,gTileset_General,gTileset_Cave,False,Bancos nativos; sem alias de câmera,08B Ruínas e cavernas,1,1
DewfordTown,LAYOUT_DEWFORD_TOWN,32,26,MAP_TYPE_TOWN,gTileset_General,gTileset_AraunaRedes,False,Arte Arauna presente; aprovação visual exige revisão,V1 instalada,5,5
DewfordTown_Gym,LAYOUT_DEWFORD_TOWN_GYM,22,16,MAP_TYPE_INDOOR,gTileset_Building,gTileset_AraunaMare,False,Arte Arauna presente; aprovação visual exige revisão,V1 instalada,2,8
DewfordTown_Hall,LAYOUT_ARAUNA_REDES_INTERIORS_HALL,17,9,MAP_TYPE_INDOOR,gTileset_Building,gTileset_AraunaRedesInteriorsV1,False,Arte Arauna presente; aprovação visual exige revisão,V1 instalada,2,9
DewfordTown_House1,LAYOUT_ARAUNA_REDES_INTERIORS_HOUSE1,12,11,MAP_TYPE_INDOOR,gTileset_Building,gTileset_AraunaRedesInteriorsV1,False,Arte Arauna presente; aprovação visual exige revisão,V1 instalada,2,3
DewfordTown_House2,LAYOUT_ARAUNA_REDES_INTERIORS_HOUSE2,12,11,MAP_TYPE_INDOOR,gTileset_Building,gTileset_AraunaRedesInteriorsV1,False,Arte Arauna presente; aprovação visual exige revisão,V1 instalada,2,2
DewfordTown_PokemonCenter_1F,LAYOUT_ARAUNA_REDES_INTERIORS_POKEMONCENTER_1F,14,9,MAP_TYPE_INDOOR,gTileset_Building,gTileset_AraunaRedesInteriorsV1,False,Arte Arauna presente; aprovação visual exige revisão,V1 instalada,3,3
DewfordTown_PokemonCenter_2F,LAYOUT_ARAUNA_REDES_INTERIORS_POKEMONCENTER_2F,14,10,MAP_TYPE_INDOOR,gTileset_Building,gTileset_AraunaRedesInteriorsV1,False,Arte Arauna presente; aprovação visual exige revisão,V1 instalada,3,4
EverGrandeCity,LAYOUT_EVER_GRANDE_CITY,44,64,MAP_TYPE_CITY,gTileset_AraunaBorderEverGrandeCityBaseUivoV1,gTileset_AraunaBorderEverGrandeCityArtUivoV1,False,Arte Arauna presente; aprovação visual exige revisão,V1 instalada,4,0
EverGrandeCity_ChampionsRoom,LAYOUT_ARAUNA_LIGA_CHAMPIONSROOM_V1,13,13,MAP_TYPE_INDOOR,gTileset_AraunaLigaPedra,gTileset_AraunaLigaVozes,False,Arte Arauna presente; aprovação visual exige revisão,V1 instalada,2,3
EverGrandeCity_DrakesRoom,LAYOUT_ARAUNA_LIGA_DRAKESROOM_V1,13,14,MAP_TYPE_INDOOR,gTileset_AraunaLigaPedra,gTileset_AraunaLigaVozesDrake,False,Arte Arauna presente; aprovação visual exige revisão,V1 instalada,2,1
EverGrandeCity_GlaciasRoom,LAYOUT_ARAUNA_LIGA_GLACIASROOM_V1,13,14,MAP_TYPE_INDOOR,gTileset_AraunaLigaPedra,gTileset_AraunaLigaVozesGlacia,False,Arte Arauna presente; aprovação visual exige revisão,V1 instalada,2,1
EverGrandeCity_Hall1,LAYOUT_ARAUNA_LIGA_HALL1_V1,11,13,MAP_TYPE_INDOOR,gTileset_AraunaLigaPedra,gTileset_AraunaLigaVozes,False,Arte Arauna presente; aprovação visual exige revisão,V1 instalada,4,0
EverGrandeCity_Hall2,LAYOUT_ARAUNA_LIGA_HALL2_V1,11,13,MAP_TYPE_INDOOR,gTileset_AraunaLigaPedra,gTileset_AraunaLigaVozes,False,Arte Arauna presente; aprovação visual exige revisão,V1 instalada,4,0
EverGrandeCity_Hall3,LAYOUT_ARAUNA_LIGA_HALL3_V1,11,13,MAP_TYPE_INDOOR,gTileset_AraunaLigaPedra,gTileset_AraunaLigaVozes,False,Arte Arauna presente; aprovação visual exige revisão,V1 instalada,4,0
EverGrandeCity_Hall4,LAYOUT_ARAUNA_LIGA_HALL4_V1,11,34,MAP_TYPE_INDOOR,gTileset_AraunaLigaPedra,gTileset_AraunaLigaVozes,False,Arte Arauna presente; aprovação visual exige revisão,V1 instalada,2,0
EverGrandeCity_Hall5,LAYOUT_ARAUNA_LIGA_HALL5_V1,11,13,MAP_TYPE_INDOOR,gTileset_AraunaLigaPedra,gTileset_AraunaLigaVozes,False,Arte Arauna presente; aprovação visual exige revisão,V1 instalada,4,0
EverGrandeCity_HallOfFame,LAYOUT_ARAUNA_LIGA_HALLOFFAME_V1,15,17,MAP_TYPE_INDOOR,gTileset_AraunaLigaPedra,gTileset_AraunaLigaMemoria,False,Arte Arauna presente; aprovação visual exige revisão,V1 instalada,1,1
EverGrandeCity_PhoebesRoom,LAYOUT_ARAUNA_LIGA_PHOEBESROOM_V1,13,14,MAP_TYPE_INDOOR,gTileset_AraunaLigaPedra,gTileset_AraunaLigaVozesPhoebe,False,Arte Arauna presente; aprovação visual exige revisão,V1 instalada,2,1
EverGrandeCity_PokemonCenter_1F,LAYOUT_ARAUNA_LIGA_POKEMONCENTER_1F_V1,14,9,MAP_TYPE_INDOOR,gTileset_AraunaLigaPedra,gTileset_AraunaLigaHall,False,Arte Arauna presente; aprovação visual exige revisão,V1 instalada,3,4
EverGrandeCity_PokemonCenter_2F,LAYOUT_ARAUNA_LIGA_POKEMONCENTER_2F_V1,14,10,MAP_TYPE_INDOOR,gTileset_AraunaLigaPedra,gTileset_AraunaLigaHall,False,Arte Arauna presente; aprovação visual exige revisão,V1 instalada,3,4
EverGrandeCity_PokemonLeague_1F,LAYOUT_ARAUNA_LIGA_POKEMONLEAGUE_1F_V1,19,12,MAP_TYPE_INDOOR,gTileset_AraunaLigaPedra,gTileset_AraunaLigaHall,False,Arte Arauna presente; aprovação visual exige revisão,V1 instalada,5,4
EverGrandeCity_PokemonLeague_2F,LAYOUT_ARAUNA_LIGA_POKEMONLEAGUE_2F_V1,14,10,MAP_TYPE_INDOOR,gTileset_AraunaLigaPedra,gTileset_AraunaLigaHall,False,Arte Arauna presente; aprovação visual exige revisão,V1 instalada,3,4
EverGrandeCity_SidneysRoom,LAYOUT_ARAUNA_LIGA_SIDNEYSROOM_V1,13,14,MAP_TYPE_INDOOR,gTileset_AraunaLigaPedra,gTileset_AraunaLigaVozes,False,Arte Arauna presente; aprovação visual exige revisão,V1 instalada,2,1
FallarborTown,LAYOUT_FALLARBOR_TOWN,32,25,MAP_TYPE_TOWN,gTileset_AraunaCampoCinzasCidadeSoloV3,gTileset_AraunaCampoInterfacesV4,False,Arte Arauna presente; aprovação visual exige revisão,V1 instalada,5,4
FallarborTown_BattleTentBattleRoom,LAYOUT_ARAUNA_QUATRO_INTERIORS_FALLARBORTOWN_BATTLETENTBATTLEROOM,10,9,MAP_TYPE_INDOOR,gTileset_Building,gTileset_AraunaCampoBattleTent,False,Arte Arauna presente; aprovação visual exige revisão,V1 instalada,0,3
FallarborTown_BattleTentCorridor,LAYOUT_ARAUNA_QUATRO_INTERIORS_FALLARBORTOWN_BATTLETENTCORRIDOR,5,8,MAP_TYPE_INDOOR,gTileset_Building,gTileset_AraunaCampoBattleTent,False,Arte Arauna presente; aprovação visual exige revisão,V1 instalada,0,1
FallarborTown_BattleTentLobby,LAYOUT_ARAUNA_QUATRO_INTERIORS_FALLARBORTOWN_BATTLETENTLOBBY,13,10,MAP_TYPE_INDOOR,gTileset_Building,gTileset_AraunaCampoBattleTent,False,Arte Arauna presente; aprovação visual exige revisão,V1 instalada,2,5
FallarborTown_CozmosHouse,LAYOUT_ARAUNA_QUATRO_INTERIORS_FALLARBORTOWN_COZMOSHOUSE,10,9,MAP_TYPE_INDOOR,gTileset_Building,gTileset_AraunaCampoGenericBuilding,False,Arte Arauna presente; aprovação visual exige revisão,V1 instalada,2,2
FallarborTown_Mart,LAYOUT_ARAUNA_QUATRO_INTERIORS_FALLARBORTOWN_MART,11,8,MAP_TYPE_INDOOR,gTileset_Building,gTileset_AraunaCampoShop,False,Arte Arauna presente; aprovação visual exige revisão,V1 instalada,2,5
FallarborTown_MoveRelearnersHouse,LAYOUT_ARAUNA_QUATRO_INTERIORS_FALLARBORTOWN_MOVERELEARNERSHOUSE,11,8,MAP_TYPE_INDOOR,gTileset_Building,gTileset_AraunaCampoGenericBuilding,False,Arte Arauna presente; aprovação visual exige revisão,V1 instalada,2,1
FallarborTown_PokemonCenter_1F,LAYOUT_ARAUNA_QUATRO_INTERIORS_FALLARBORTOWN_POKEMONCENTER_1F,14,9,MAP_TYPE_INDOOR,gTileset_Building,gTileset_AraunaCampoPokemonCenter,False,Arte Arauna presente; aprovação visual exige revisão,V1 instalada,3,4
FallarborTown_PokemonCenter_2F,LAYOUT_ARAUNA_QUATRO_INTERIORS_FALLARBORTOWN_POKEMONCENTER_2F,14,10,MAP_TYPE_INDOOR,gTileset_Building,gTileset_AraunaCampoPokemonCenter,False,Arte Arauna presente; aprovação visual exige revisão,V1 instalada,3,4
FarawayIsland_Entrance,LAYOUT_FARAWAY_ISLAND_ENTRANCE,34,46,MAP_TYPE_INDOOR,gTileset_General,gTileset_Rustboro,False,Bancos nativos; sem alias de câmera,08D Ilhas especiais,2,2
FarawayIsland_Interior,LAYOUT_FARAWAY_ISLAND_INTERIOR,29,26,MAP_TYPE_INDOOR,gTileset_General,gTileset_Fortree,False,Bancos nativos; sem alias de câmera,08D Ilhas especiais,2,1
FieryPath,LAYOUT_ARAUNA_TRILHA_BRASA_V1,35,38,MAP_TYPE_UNDERGROUND,gTileset_General,gTileset_AraunaTrilhaBrasa,False,Arte Arauna presente; aprovação visual exige revisão,V1 instalada,2,10
FortreeCity,LAYOUT_FORTREE_CITY,42,34,MAP_TYPE_CITY,gTileset_General,gTileset_AraunaMataMeioV3,False,Arte Arauna presente; aprovação visual exige revisão,V1 instalada,9,7
FortreeCity_DecorationShop,LAYOUT_ARAUNA_QUATRO_INTERIORS_FORTREECITY_DECORATIONSHOP,8,6,MAP_TYPE_INDOOR,gTileset_Building,gTileset_AraunaMataGenericBuilding,False,Arte Arauna presente; aprovação visual exige revisão,V1 instalada,2,4
FortreeCity_Gym,LAYOUT_ARAUNA_QUATRO_INTERIORS_FORTREECITY_GYM,20,25,MAP_TYPE_INDOOR,gTileset_Building,gTileset_AraunaMataFortreeGym,False,Arte Arauna presente; aprovação visual exige revisão,V1 instalada,2,8
FortreeCity_House1,LAYOUT_ARAUNA_QUATRO_INTERIORS_FORTREECITY_HOUSE1,8,6,MAP_TYPE_INDOOR,gTileset_Building,gTileset_AraunaMataGenericBuilding,False,Arte Arauna presente; aprovação visual exige revisão,V1 instalada,2,3
FortreeCity_House2,LAYOUT_ARAUNA_QUATRO_INTERIORS_FORTREECITY_HOUSE2,8,6,MAP_TYPE_INDOOR,gTileset_Building,gTileset_AraunaMataGenericBuilding,False,Arte Arauna presente; aprovação visual exige revisão,V1 instalada,2,2
FortreeCity_House3,LAYOUT_ARAUNA_QUATRO_INTERIORS_FORTREECITY_HOUSE3,8,6,MAP_TYPE_INDOOR,gTileset_Building,gTileset_AraunaMataGenericBuilding,False,Arte Arauna presente; aprovação visual exige revisão,V1 instalada,2,2
FortreeCity_House4,LAYOUT_ARAUNA_QUATRO_INTERIORS_FORTREECITY_HOUSE4,8,6,MAP_TYPE_INDOOR,gTileset_Building,gTileset_AraunaMataGenericBuilding,False,Arte Arauna presente; aprovação visual exige revisão,V1 instalada,2,3
FortreeCity_House5,LAYOUT_ARAUNA_QUATRO_INTERIORS_FORTREECITY_HOUSE5,8,6,MAP_TYPE_INDOOR,gTileset_Building,gTileset_AraunaMataGenericBuilding,False,Arte Arauna presente; aprovação visual exige revisão,V1 instalada,2,3
FortreeCity_Mart,LAYOUT_ARAUNA_QUATRO_INTERIORS_FORTREECITY_MART,11,8,MAP_TYPE_INDOOR,gTileset_Building,gTileset_AraunaMataShop,False,Arte Arauna presente; aprovação visual exige revisão,V1 instalada,2,4
FortreeCity_PokemonCenter_1F,LAYOUT_ARAUNA_QUATRO_INTERIORS_FORTREECITY_POKEMONCENTER_1F,14,9,MAP_TYPE_INDOOR,gTileset_Building,gTileset_AraunaMataPokemonCenter,False,Arte Arauna presente; aprovação visual exige revisão,V1 instalada,3,4
FortreeCity_PokemonCenter_2F,LAYOUT_ARAUNA_QUATRO_INTERIORS_FORTREECITY_POKEMONCENTER_2F,14,10,MAP_TYPE_INDOOR,gTileset_Building,gTileset_AraunaMataPokemonCenter,False,Arte Arauna presente; aprovação visual exige revisão,V1 instalada,3,4
GraniteCave_1F,LAYOUT_ARAUNA_GRUTA_VOZES_ENTRADA_V1,42,15,MAP_TYPE_UNDERGROUND,gTileset_General,gTileset_AraunaGrutaVozesEntrada,False,Arte Arauna presente; aprovação visual exige revisão,V1 instalada,4,3
GraniteCave_B1F,LAYOUT_ARAUNA_GRUTA_VOZES_PAREDES_V1,32,26,MAP_TYPE_UNDERGROUND,gTileset_General,gTileset_AraunaGrutaVozesParedes,False,Arte Arauna presente; aprovação visual exige revisão,V1 instalada,7,3
GraniteCave_B2F,LAYOUT_ARAUNA_GRUTA_VOZES_PROFUNDEZAS_V1,32,26,MAP_TYPE_UNDERGROUND,gTileset_General,gTileset_AraunaGrutaVozesProfundezas,False,Arte Arauna presente; aprovação visual exige revisão,V1 instalada,5,9
GraniteCave_StevensRoom,LAYOUT_ARAUNA_GRUTA_VOZES_MEMORIA_V1,15,14,MAP_TYPE_UNDERGROUND,gTileset_General,gTileset_AraunaGrutaVozesMemoria,False,Arte Arauna presente; aprovação visual exige revisão,V1 instalada,1,2
InsideOfTruck,LAYOUT_ARAUNA_CAMPANHA_V2_INSIDE_OF_TRUCK,5,5,MAP_TYPE_INDOOR,gTileset_General,gTileset_AraunaCampanhaCargaV2,False,Arte Arauna presente; aprovação visual exige revisão,V1 instalada,3,3
IslandCave,LAYOUT_ISLAND_CAVE,17,33,MAP_TYPE_UNDERGROUND,gTileset_General,gTileset_AraunaIslandCave03BV11,True,Arte Arauna presente; aprovação visual exige revisão,V1 instalada,3,1
JaggedPass,LAYOUT_ARAUNA_PASSO_CORTADO_V1,30,46,MAP_TYPE_ROUTE,gTileset_AraunaPassoPedra,gTileset_AraunaPassoCortado,False,Arte Arauna presente; aprovação visual exige revisão,V1 instalada,5,7
LavaridgeTown,LAYOUT_LAVARIDGE_TOWN,20,20,MAP_TYPE_TOWN,gTileset_AraunaBorderLavaridgeTownBaseUivoV1,gTileset_AraunaBorderLavaridgeTownArtUivoV1,False,Arte Arauna presente; aprovação visual exige revisão,V1 instalada,6,9
LavaridgeTown_Gym_1F,LAYOUT_ARAUNA_QUATRO_INTERIORS_LAVARIDGETOWN_GYM_1F,17,19,MAP_TYPE_INDOOR,gTileset_Building,gTileset_AraunaCinzaLavaridgeGym,False,Arte Arauna presente; aprovação visual exige revisão,V1 instalada,26,6
LavaridgeTown_Gym_B1F,LAYOUT_ARAUNA_QUATRO_INTERIORS_LAVARIDGETOWN_GYM_B1F,17,19,MAP_TYPE_INDOOR,gTileset_Building,gTileset_AraunaCinzaLavaridgeGym,False,Arte Arauna presente; aprovação visual exige revisão,V1 instalada,24,4
LavaridgeTown_HerbShop,LAYOUT_ARAUNA_QUATRO_INTERIORS_LAVARIDGETOWN_HERBSHOP,11,8,MAP_TYPE_INDOOR,gTileset_Building,gTileset_AraunaCinzaShop,False,Arte Arauna presente; aprovação visual exige revisão,V1 instalada,2,3
LavaridgeTown_House,LAYOUT_ARAUNA_QUATRO_INTERIORS_LAVARIDGETOWN_HOUSE,10,8,MAP_TYPE_INDOOR,gTileset_Building,gTileset_AraunaCinzaGenericBuilding,False,Arte Arauna presente; aprovação visual exige revisão,V1 instalada,2,3
LavaridgeTown_Mart,LAYOUT_ARAUNA_QUATRO_INTERIORS_LAVARIDGETOWN_MART,11,8,MAP_TYPE_INDOOR,gTileset_Building,gTileset_AraunaCinzaShop,False,Arte Arauna presente; aprovação visual exige revisão,V1 instalada,2,3
LavaridgeTown_PokemonCenter_1F,LAYOUT_ARAUNA_QUATRO_INTERIORS_LAVARIDGETOWN_POKEMONCENTER_1F,14,9,MAP_TYPE_INDOOR,gTileset_Building,gTileset_AraunaCinzaPokemonCenter,False,Arte Arauna presente; aprovação visual exige revisão,V1 instalada,4,4
LavaridgeTown_PokemonCenter_2F,LAYOUT_ARAUNA_QUATRO_INTERIORS_LAVARIDGETOWN_POKEMONCENTER_2F,14,10,MAP_TYPE_INDOOR,gTileset_Building,gTileset_AraunaCinzaPokemonCenter,False,Arte Arauna presente; aprovação visual exige revisão,V1 instalada,3,4
LilycoveCity,LAYOUT_LILYCOVE_CITY,58,42,MAP_TYPE_CITY,gTileset_General,gTileset_AraunaBaiaLuzesV2,False,Arte Arauna presente; aprovação visual exige revisão,V1 instalada,14,22
LilycoveCity_ContestHall,LAYOUT_ARAUNA_QUATRO_INTERIORS_LILYCOVECITY_CONTESTHALL,51,33,MAP_TYPE_INDOOR,gTileset_Building,gTileset_AraunaBaiaContest,False,Arte Arauna presente; aprovação visual exige revisão,V1 instalada,4,32
LilycoveCity_ContestLobby,LAYOUT_ARAUNA_QUATRO_INTERIORS_LILYCOVECITY_CONTESTLOBBY,31,12,MAP_TYPE_INDOOR,gTileset_Building,gTileset_AraunaBaiaContest,False,Arte Arauna presente; aprovação visual exige revisão,V1 instalada,4,25
LilycoveCity_CoveLilyMotel_1F,LAYOUT_ARAUNA_QUATRO_INTERIORS_LILYCOVECITY_COVELILYMOTEL_1F,12,9,MAP_TYPE_INDOOR,gTileset_Building,gTileset_AraunaBaiaGenericBuilding,False,Arte Arauna presente; aprovação visual exige revisão,V1 instalada,3,1
LilycoveCity_CoveLilyMotel_2F,LAYOUT_ARAUNA_QUATRO_INTERIORS_LILYCOVECITY_COVELILYMOTEL_2F,12,9,MAP_TYPE_INDOOR,gTileset_Building,gTileset_AraunaBaiaGenericBuilding,False,Arte Arauna presente; aprovação visual exige revisão,V1 instalada,1,7
LilycoveCity_DepartmentStoreElevator,LAYOUT_ARAUNA_QUATRO_INTERIORS_LILYCOVECITY_DEPARTMENTSTOREELEVATOR,5,6,MAP_TYPE_INDOOR,gTileset_Building,gTileset_AraunaBaiaBattleFrontier,False,Arte Arauna presente; aprovação visual exige revisão,V1 instalada,2,1
LilycoveCity_DepartmentStoreRooftop,LAYOUT_ARAUNA_QUATRO_INTERIORS_LILYCOVECITY_DEPARTMENTSTOREROOFTOP,18,12,MAP_TYPE_INDOOR,gTileset_Building,gTileset_AraunaBaiaShop,False,Arte Arauna presente; aprovação visual exige revisão,V1 instalada,1,4
LilycoveCity_DepartmentStore_1F,LAYOUT_ARAUNA_QUATRO_INTERIORS_LILYCOVECITY_DEPARTMENTSTORE_1F,18,8,MAP_TYPE_INDOOR,gTileset_Building,gTileset_AraunaBaiaShop,False,Arte Arauna presente; aprovação visual exige revisão,V1 instalada,4,6
LilycoveCity_DepartmentStore_2F,LAYOUT_ARAUNA_QUATRO_INTERIORS_LILYCOVECITY_DEPARTMENTSTORE_2F,18,8,MAP_TYPE_INDOOR,gTileset_Building,gTileset_AraunaBaiaShop,False,Arte Arauna presente; aprovação visual exige revisão,V1 instalada,3,5
LilycoveCity_DepartmentStore_3F,LAYOUT_ARAUNA_QUATRO_INTERIORS_LILYCOVECITY_DEPARTMENTSTORE_3F,18,8,MAP_TYPE_INDOOR,gTileset_Building,gTileset_AraunaBaiaShop,False,Arte Arauna presente; aprovação visual exige revisão,V1 instalada,3,5
LilycoveCity_DepartmentStore_4F,LAYOUT_ARAUNA_QUATRO_INTERIORS_LILYCOVECITY_DEPARTMENTSTORE_4F,18,8,MAP_TYPE_INDOOR,gTileset_Building,gTileset_AraunaBaiaShop,False,Arte Arauna presente; aprovação visual exige revisão,V1 instalada,3,5
LilycoveCity_DepartmentStore_5F,LAYOUT_ARAUNA_QUATRO_INTERIORS_LILYCOVECITY_DEPARTMENTSTORE_5F,18,8,MAP_TYPE_INDOOR,gTileset_Building,gTileset_AraunaBaiaShop,False,Arte Arauna presente; aprovação visual exige revisão,V1 instalada,3,7
LilycoveCity_Harbor,LAYOUT_ARAUNA_QUATRO_INTERIORS_LILYCOVECITY_HARBOR,24,15,MAP_TYPE_INDOOR,gTileset_General,gTileset_AraunaBaiaFacility,False,Arte Arauna presente; aprovação visual exige revisão,V1 instalada,2,5
LilycoveCity_House1,LAYOUT_ARAUNA_QUATRO_INTERIORS_LILYCOVECITY_HOUSE1,10,9,MAP_TYPE_INDOOR,gTileset_Building,gTileset_AraunaBaiaGenericBuilding,False,Arte Arauna presente; aprovação visual exige revisão,V1 instalada,2,2
LilycoveCity_House2,LAYOUT_ARAUNA_QUATRO_INTERIORS_LILYCOVECITY_HOUSE2,8,8,MAP_TYPE_INDOOR,gTileset_Building,gTileset_AraunaBaiaGenericBuilding,False,Arte Arauna presente; aprovação visual exige revisão,V1 instalada,2,1
LilycoveCity_House3,LAYOUT_ARAUNA_QUATRO_INTERIORS_LILYCOVECITY_HOUSE3,11,8,MAP_TYPE_INDOOR,gTileset_Building,gTileset_AraunaBaiaGenericBuilding,False,Arte Arauna presente; aprovação visual exige revisão,V1 instalada,2,6
LilycoveCity_House4,LAYOUT_ARAUNA_QUATRO_INTERIORS_LILYCOVECITY_HOUSE4,10,9,MAP_TYPE_INDOOR,gTileset_Building,gTileset_AraunaBaiaGenericBuilding,False,Arte Arauna presente; aprovação visual exige revisão,V1 instalada,2,2
LilycoveCity_LilycoveMuseum_1F,LAYOUT_ARAUNA_QUATRO_INTERIORS_LILYCOVECITY_LILYCOVEMUSEUM_1F,21,14,MAP_TYPE_INDOOR,gTileset_Building,gTileset_AraunaBaiaLilycoveMuseum,False,Arte Arauna presente; aprovação visual exige revisão,V1 instalada,3,10
LilycoveCity_LilycoveMuseum_2F,LAYOUT_ARAUNA_QUATRO_INTERIORS_LILYCOVECITY_LILYCOVEMUSEUM_2F,22,13,MAP_TYPE_INDOOR,gTileset_Building,gTileset_AraunaBaiaLilycoveMuseum,False,Arte Arauna presente; aprovação visual exige revisão,V1 instalada,1,4
LilycoveCity_MoveDeletersHouse,LAYOUT_ARAUNA_QUATRO_INTERIORS_LILYCOVECITY_MOVEDELETERSHOUSE,11,8,MAP_TYPE_INDOOR,gTileset_Building,gTileset_AraunaBaiaGenericBuilding,False,Arte Arauna presente; aprovação visual exige revisão,V1 instalada,2,1
LilycoveCity_PokemonCenter_1F,LAYOUT_ARAUNA_QUATRO_INTERIORS_LILYCOVECITY_POKEMONCENTER_1F,14,9,MAP_TYPE_INDOOR,gTileset_Building,gTileset_AraunaBaiaPokemonCenter,False,Arte Arauna presente; aprovação visual exige revisão,V1 instalada,3,5
LilycoveCity_PokemonCenter_2F,LAYOUT_ARAUNA_QUATRO_INTERIORS_LILYCOVECITY_POKEMONCENTER_2F,14,10,MAP_TYPE_INDOOR,gTileset_Building,gTileset_AraunaBaiaPokemonCenter,False,Arte Arauna presente; aprovação visual exige revisão,V1 instalada,3,4
LilycoveCity_PokemonTrainerFanClub,LAYOUT_ARAUNA_QUATRO_INTERIORS_LILYCOVECITY_POKEMONTRAINERFANCLUB,12,14,MAP_TYPE_INDOOR,gTileset_Building,gTileset_AraunaBaiaGenericBuilding,False,Arte Arauna presente; aprovação visual exige revisão,V1 instalada,2,9
LilycoveCity_UnusedMart,LAYOUT_ARAUNA_QUATRO_INTERIORS_LILYCOVECITY_UNUSEDMART,11,8,MAP_TYPE_INDOOR,gTileset_Building,gTileset_AraunaBaiaShop,False,Arte Arauna presente; aprovação visual exige revisão,V1 instalada,2,0
LittlerootTown,LAYOUT_ARAUNA_LITTLEROOT_TOWN_COMPOSICAO_V1,30,26,MAP_TYPE_TOWN,gTileset_AraunaInicioBaseV1,gTileset_AraunaInicioSulV1,False,Arte Arauna presente; aprovação visual exige revisão,V1 instalada,3,8
LittlerootTown_BrendansHouse_1F,LAYOUT_LITTLEROOT_TOWN_BRENDANS_HOUSE_1F,11,9,MAP_TYPE_INDOOR,gTileset_Building,gTileset_AraunaCasaAmanhecer,False,Arte Arauna presente; aprovação visual exige revisão,V1 instalada,3,7
LittlerootTown_BrendansHouse_2F,LAYOUT_LITTLEROOT_TOWN_BRENDANS_HOUSE_2F,9,8,MAP_TYPE_INDOOR,gTileset_Building,gTileset_AraunaCasaAmanhecer,False,Arte Arauna presente; aprovação visual exige revisão,V1 instalada,1,16
LittlerootTown_MaysHouse_1F,LAYOUT_LITTLEROOT_TOWN_MAYS_HOUSE_1F,11,9,MAP_TYPE_INDOOR,gTileset_Building,gTileset_AraunaCasaAmanhecer,False,Arte Arauna presente; aprovação visual exige revisão,V1 instalada,3,7
LittlerootTown_MaysHouse_2F,LAYOUT_LITTLEROOT_TOWN_MAYS_HOUSE_2F,9,8,MAP_TYPE_INDOOR,gTileset_Building,gTileset_AraunaCasaAmanhecer,False,Arte Arauna presente; aprovação visual exige revisão,V1 instalada,1,16
LittlerootTown_ProfessorBirchsLab,LAYOUT_LITTLEROOT_TOWN_PROFESSOR_BIRCHS_LAB,13,13,MAP_TYPE_INDOOR,gTileset_Building,gTileset_AraunaAnahi,False,Arte Arauna presente; aprovação visual exige revisão,V1 instalada,4,6
MagmaHideout_1F,LAYOUT_ARAUNA_ESCONDERIJO_1F_V1,37,38,MAP_TYPE_UNDERGROUND,gTileset_General,gTileset_AraunaEsconderijoSerra,False,Arte Arauna presente; aprovação visual exige revisão,V1 instalada,4,7
MagmaHideout_2F_1R,LAYOUT_ARAUNA_ESCONDERIJO_2F_1R_V1,33,39,MAP_TYPE_UNDERGROUND,gTileset_General,gTileset_AraunaEsconderijoSerra,False,Arte Arauna presente; aprovação visual exige revisão,V1 instalada,3,4
MagmaHideout_2F_2R,LAYOUT_ARAUNA_ESCONDERIJO_2F_2R_V1,49,28,MAP_TYPE_UNDERGROUND,gTileset_General,gTileset_AraunaEsconderijoSerra,False,Arte Arauna presente; aprovação visual exige revisão,V1 instalada,2,6
MagmaHideout_2F_3R,LAYOUT_ARAUNA_ESCONDERIJO_2F_3R_V1,60,19,MAP_TYPE_UNDERGROUND,gTileset_General,gTileset_AraunaEsconderijoSerra,False,Arte Arauna presente; aprovação visual exige revisão,V1 instalada,2,0
MagmaHideout_3F_1R,LAYOUT_ARAUNA_ESCONDERIJO_3F_1R_V1,28,24,MAP_TYPE_UNDERGROUND,gTileset_General,gTileset_AraunaEsconderijoSerra,False,Arte Arauna presente; aprovação visual exige revisão,V1 instalada,3,3
MagmaHideout_3F_2R,LAYOUT_ARAUNA_ESCONDERIJO_3F_2R_V1,24,17,MAP_TYPE_UNDERGROUND,gTileset_General,gTileset_AraunaEsconderijoSerra,False,Arte Arauna presente; aprovação visual exige revisão,V1 instalada,1,2
MagmaHideout_3F_3R,LAYOUT_ARAUNA_ESCONDERIJO_3F_3R_V1,33,24,MAP_TYPE_UNDERGROUND,gTileset_General,gTileset_AraunaEsconderijoSerra,False,Arte Arauna presente; aprovação visual exige revisão,V1 instalada,2,1
MagmaHideout_4F,LAYOUT_ARAUNA_ESCONDERIJO_4F_V1,59,28,MAP_TYPE_UNDERGROUND,gTileset_General,gTileset_AraunaEsconderijoSerra,False,Arte Arauna presente; aprovação visual exige revisão,V1 instalada,2,8
MarineCave_End,LAYOUT_MARINE_CAVE_END,27,30,MAP_TYPE_UNDERGROUND,gTileset_General,gTileset_AraunaMarineCave03A,True,Arte Arauna presente; aprovação visual exige revisão,V1 instalada,1,1
MarineCave_Entrance,LAYOUT_MARINE_CAVE_ENTRANCE,20,20,MAP_TYPE_UNDERGROUND,gTileset_General,gTileset_AraunaMarineCave03A,True,Arte Arauna presente; aprovação visual exige revisão,V1 instalada,1,0
MauvilleCity,LAYOUT_MAUVILLE_CITY,50,38,MAP_TYPE_CITY,gTileset_AraunaBorderMauvilleCityBaseUivoV1,gTileset_AraunaBorderMauvilleCityArtUivoV1,False,Arte Arauna presente; aprovação visual exige revisão,V1 instalada,8,11
MauvilleCity_BikeShop,LAYOUT_ARAUNA_ENCRUZ_INTERIORS_BIKESHOP,12,9,MAP_TYPE_INDOOR,gTileset_General,gTileset_AraunaEncruzOficina,False,Arte Arauna presente; aprovação visual exige revisão,V1 instalada,2,2
MauvilleCity_GameCorner,LAYOUT_ARAUNA_ENCRUZ_INTERIORS_GAMECORNER,22,11,MAP_TYPE_INDOOR,gTileset_Building,gTileset_AraunaEncruzJogos,False,Arte Arauna presente; aprovação visual exige revisão,V1 instalada,2,12
MauvilleCity_Gym,LAYOUT_ARAUNA_ENCRUZ_INTERIORS_GYM,10,21,MAP_TYPE_INDOOR,gTileset_Building,gTileset_AraunaEncruzCasaEletrica,False,Arte Arauna presente; aprovação visual exige revisão,V1 instalada,2,7
MauvilleCity_House1,LAYOUT_ARAUNA_ENCRUZ_INTERIORS_HOUSE1,11,8,MAP_TYPE_INDOOR,gTileset_Building,gTileset_AraunaEncruzCasas,False,Arte Arauna presente; aprovação visual exige revisão,V1 instalada,2,1
MauvilleCity_House2,LAYOUT_ARAUNA_ENCRUZ_INTERIORS_HOUSE2,10,9,MAP_TYPE_INDOOR,gTileset_Building,gTileset_AraunaEncruzCasas,False,Arte Arauna presente; aprovação visual exige revisão,V1 instalada,2,1
MauvilleCity_Mart,LAYOUT_ARAUNA_ENCRUZ_INTERIORS_MART,11,8,MAP_TYPE_INDOOR,gTileset_Building,gTileset_AraunaEncruzVenda,False,Arte Arauna presente; aprovação visual exige revisão,V1 instalada,2,3
MauvilleCity_PokemonCenter_1F,LAYOUT_ARAUNA_ENCRUZ_INTERIORS_POKEMONCENTER_1F,14,9,MAP_TYPE_INDOOR,gTileset_Building,gTileset_AraunaEncruzCentro,False,Arte Arauna presente; aprovação visual exige revisão,V1 instalada,3,5
MauvilleCity_PokemonCenter_2F,LAYOUT_ARAUNA_ENCRUZ_INTERIORS_POKEMONCENTER_2F,14,10,MAP_TYPE_INDOOR,gTileset_Building,gTileset_AraunaEncruzCentro,False,Arte Arauna presente; aprovação visual exige revisão,V1 instalada,3,5
MeteorFalls_1F_1R,LAYOUT_ARAUNA_RUINAS_QUEDA_SALAMAIOR_V1,30,42,MAP_TYPE_UNDERGROUND,gTileset_AraunaRochaQueda,gTileset_AraunaRuinasQueda,False,Arte Arauna presente; aprovação visual exige revisão,V1 instalada,6,10
MeteorFalls_1F_2R,LAYOUT_ARAUNA_RUINAS_QUEDA_CASCATAS_V1,30,32,MAP_TYPE_UNDERGROUND,gTileset_AraunaRochaQueda,gTileset_AraunaRuinasQueda,False,Arte Arauna presente; aprovação visual exige revisão,V1 instalada,4,3
MeteorFalls_B1F_1R,LAYOUT_ARAUNA_RUINAS_QUEDA_PONTEFUNDA_V1,29,38,MAP_TYPE_UNDERGROUND,gTileset_AraunaRochaQueda,gTileset_AraunaRuinasQueda,False,Arte Arauna presente; aprovação visual exige revisão,V1 instalada,6,0
MeteorFalls_B1F_2R,LAYOUT_ARAUNA_RUINAS_QUEDA_CAMARAANTIGA_V1,11,18,MAP_TYPE_UNDERGROUND,gTileset_AraunaRochaQueda,gTileset_AraunaRuinasQueda,False,Arte Arauna presente; aprovação visual exige revisão,V1 instalada,1,1
MeteorFalls_StevensCave,LAYOUT_ARAUNA_RUINAS_QUEDA_CAMINHOFINAL_V1,30,32,MAP_TYPE_UNDERGROUND,gTileset_AraunaRochaQueda,gTileset_AraunaRuinasQueda,False,Arte Arauna presente; aprovação visual exige revisão,V1 instalada,1,1
MirageTower_1F,LAYOUT_MIRAGE_TOWER_1F,21,17,MAP_TYPE_UNDERGROUND,gTileset_General,gTileset_MirageTower,False,Bancos nativos; sem alias de câmera,08B Ruínas e cavernas,2,0
MirageTower_2F,LAYOUT_MIRAGE_TOWER_2F,21,17,MAP_TYPE_UNDERGROUND,gTileset_General,gTileset_MirageTower,False,Bancos nativos; sem alias de câmera,08B Ruínas e cavernas,2,0
MirageTower_3F,LAYOUT_MIRAGE_TOWER_3F,21,17,MAP_TYPE_UNDERGROUND,gTileset_General,gTileset_MirageTower,False,Bancos nativos; sem alias de câmera,08B Ruínas e cavernas,2,2
MirageTower_4F,LAYOUT_MIRAGE_TOWER_4F,13,10,MAP_TYPE_UNDERGROUND,gTileset_General,gTileset_MirageTower,False,Bancos nativos; sem alias de câmera,08B Ruínas e cavernas,1,3
MossdeepCity,LAYOUT_MOSSDEEP_CITY,44,34,MAP_TYPE_CITY,gTileset_General,gTileset_AraunaMissoesCeuCumulativeV3,False,Arte Arauna presente; aprovação visual exige revisão,V1 instalada,10,17
MossdeepCity_GameCorner_1F,LAYOUT_ARAUNA_MISSOES_CEU_GAME_CORNER_1F,12,10,MAP_TYPE_INDOOR,gTileset_Building,gTileset_AraunaMissoesCeuGameCorner1FV1,False,Arte Arauna presente; aprovação visual exige revisão,V1 instalada,3,2
MossdeepCity_GameCorner_B1F,LAYOUT_ARAUNA_MISSOES_CEU_GAME_CORNER_B1F,12,9,MAP_TYPE_INDOOR,gTileset_Building,gTileset_AraunaMissoesCeuGameCornerB1FV1,False,Arte Arauna presente; aprovação visual exige revisão,V1 instalada,1,1
MossdeepCity_Gym,LAYOUT_ARAUNA_MISSOES_CEU_GYM,26,36,MAP_TYPE_INDOOR,gTileset_Building,gTileset_AraunaMissoesCeuGymV1,False,Arte Arauna presente; aprovação visual exige revisão,V1 instalada,14,36
MossdeepCity_House1,LAYOUT_ARAUNA_MISSOES_CEU_INTERIORS_HOUSE1,12,11,MAP_TYPE_INDOOR,gTileset_Building,gTileset_AraunaMissoesCeuInteriorsV1,False,Arte Arauna presente; aprovação visual exige revisão,V1 instalada,2,2
MossdeepCity_House2,LAYOUT_ARAUNA_MISSOES_CEU_INTERIORS_HOUSE2,10,9,MAP_TYPE_INDOOR,gTileset_Building,gTileset_AraunaMissoesCeuInteriorsV1,False,Arte Arauna presente; aprovação visual exige revisão,V1 instalada,2,3
MossdeepCity_House3,LAYOUT_ARAUNA_MISSOES_CEU_INTERIORS_HOUSE3,12,11,MAP_TYPE_INDOOR,gTileset_Building,gTileset_AraunaMissoesCeuInteriorsV1,False,Arte Arauna presente; aprovação visual exige revisão,V1 instalada,2,1
MossdeepCity_House4,LAYOUT_ARAUNA_MISSOES_CEU_INTERIORS_HOUSE4,12,11,MAP_TYPE_INDOOR,gTileset_Building,gTileset_AraunaMissoesCeuInteriorsV1,False,Arte Arauna presente; aprovação visual exige revisão,V1 instalada,2,3
MossdeepCity_Mart,LAYOUT_ARAUNA_MISSOES_CEU_INTERIORS_MART,12,11,MAP_TYPE_INDOOR,gTileset_Building,gTileset_AraunaMissoesCeuInteriorsV1,False,Arte Arauna presente; aprovação visual exige revisão,V1 instalada,2,4
MossdeepCity_PokemonCenter_1F,LAYOUT_ARAUNA_MISSOES_CEU_INTERIORS_POKEMONCENTER_1F,14,9,MAP_TYPE_INDOOR,gTileset_Building,gTileset_AraunaMissoesCeuInteriorsV1,False,Arte Arauna presente; aprovação visual exige revisão,V1 instalada,3,3
MossdeepCity_PokemonCenter_2F,LAYOUT_ARAUNA_MISSOES_CEU_INTERIORS_POKEMONCENTER_2F,14,10,MAP_TYPE_INDOOR,gTileset_Building,gTileset_AraunaMissoesCeuInteriorsV1,False,Arte Arauna presente; aprovação visual exige revisão,V1 instalada,3,5
MossdeepCity_SpaceCenter_1F,LAYOUT_MOSSDEEP_CITY_SPACE_CENTER_1F,16,10,MAP_TYPE_INDOOR,gTileset_General,gTileset_AraunaMissoesCeuSpaceCenterV1,False,Arte Arauna presente; aprovação visual exige revisão,V1 instalada,3,11
MossdeepCity_SpaceCenter_2F,LAYOUT_MOSSDEEP_CITY_SPACE_CENTER_2F,16,10,MAP_TYPE_INDOOR,gTileset_General,gTileset_AraunaMissoesCeuSpaceCenterV1,False,Arte Arauna presente; aprovação visual exige revisão,V1 instalada,1,9
MossdeepCity_StevensHouse,LAYOUT_ARAUNA_MISSOES_CEU_BENTO_HOUSE,11,8,MAP_TYPE_INDOOR,gTileset_Building,gTileset_AraunaMissoesCeuBentoHouseV1,False,Arte Arauna presente; aprovação visual exige revisão,V1 instalada,2,3
MtChimney,LAYOUT_ARAUNA_SERRA_CINZA_V1,40,47,MAP_TYPE_ROUTE,gTileset_General,gTileset_AraunaSerraCinza,False,Arte Arauna presente; aprovação visual exige revisão,V1 instalada,4,30
MtChimney_CableCarStation,LAYOUT_ARAUNA_SERRA_CINZA_ESTACAO_V1,13,12,MAP_TYPE_INDOOR,gTileset_General,gTileset_AraunaSerraCinzaEstacao,False,Arte Arauna presente; aprovação visual exige revisão,V1 instalada,2,2
MtPyre_1F,LAYOUT_ARAUNA_MEMORIAL_1F_V1,22,19,MAP_TYPE_INDOOR,gTileset_AraunaMemorialExterior,gTileset_AraunaMemorialNomes,False,Arte Arauna presente; aprovação visual exige revisão,V1 instalada,6,3
MtPyre_2F,LAYOUT_ARAUNA_MEMORIAL_2F_V1,13,13,MAP_TYPE_INDOOR,gTileset_AraunaMemorialExterior,gTileset_AraunaMemorialNomes,False,Arte Arauna presente; aprovação visual exige revisão,V1 instalada,5,8
MtPyre_3F,LAYOUT_ARAUNA_MEMORIAL_3F_V1,13,13,MAP_TYPE_INDOOR,gTileset_AraunaMemorialExterior,gTileset_AraunaMemorialNomes,False,Arte Arauna presente; aprovação visual exige revisão,V1 instalada,6,6
MtPyre_4F,LAYOUT_ARAUNA_MEMORIAL_4F_V1,13,13,MAP_TYPE_INDOOR,gTileset_AraunaMemorialExterior,gTileset_AraunaMemorialNomes,False,Arte Arauna presente; aprovação visual exige revisão,V1 instalada,6,4
MtPyre_5F,LAYOUT_ARAUNA_MEMORIAL_5F_V1,13,13,MAP_TYPE_INDOOR,gTileset_AraunaMemorialExterior,gTileset_AraunaMemorialNomes,False,Arte Arauna presente; aprovação visual exige revisão,V1 instalada,5,4
MtPyre_6F,LAYOUT_ARAUNA_MEMORIAL_6F_V1,13,13,MAP_TYPE_INDOOR,gTileset_AraunaMemorialExterior,gTileset_AraunaMemorialNomes,False,Arte Arauna presente; aprovação visual exige revisão,V1 instalada,2,3
MtPyre_Exterior,LAYOUT_ARAUNA_MEMORIAL_EXTERIOR_V1,38,51,MAP_TYPE_ROUTE,gTileset_AraunaMemorialExterior,gTileset_AraunaMemorialNomes,False,Arte Arauna presente; aprovação visual exige revisão,V1 instalada,3,2
MtPyre_Summit,LAYOUT_ARAUNA_MEMORIAL_SUMMIT_V1,50,37,MAP_TYPE_ROUTE,gTileset_AraunaMemorialExterior,gTileset_AraunaMemorialNomes,False,Arte Arauna presente; aprovação visual exige revisão,V1 instalada,3,8
NavelRock_B1F,LAYOUT_NAVEL_ROCK_B1F,23,11,MAP_TYPE_UNDERGROUND,gTileset_AraunaNavel06BGalleryBase,gTileset_AraunaNavel06BGalleryArt,False,Arte Arauna presente; aprovação visual exige revisão,V1 instalada,2,0
NavelRock_Bottom,LAYOUT_NAVEL_ROCK_BOTTOM,22,22,MAP_TYPE_UNDERGROUND,gTileset_AraunaNavel06BAbyssBase,gTileset_AraunaNavel06BAbyssArt,False,Arte Arauna presente; aprovação visual exige revisão,V1 instalada,1,1
NavelRock_Down01,LAYOUT_ARAUNA_NAVEL_06B_DEPTH1_LADDER1,9,8,MAP_TYPE_UNDERGROUND,gTileset_AraunaNavel06BDepth1Base,gTileset_AraunaNavel06BDepth1Art,False,Arte Arauna presente; aprovação visual exige revisão,V1 instalada,2,0
NavelRock_Down02,LAYOUT_ARAUNA_NAVEL_06B_DEPTH1_LADDER2,9,8,MAP_TYPE_UNDERGROUND,gTileset_AraunaNavel06BDepth1Base,gTileset_AraunaNavel06BDepth1Art,False,Arte Arauna presente; aprovação visual exige revisão,V1 instalada,2,0
NavelRock_Down03,LAYOUT_ARAUNA_NAVEL_06B_DEPTH1_LADDER1,9,8,MAP_TYPE_UNDERGROUND,gTileset_AraunaNavel06BDepth1Base,gTileset_AraunaNavel06BDepth1Art,False,Arte Arauna presente; aprovação visual exige revisão,V1 instalada,2,0
NavelRock_Down04,LAYOUT_ARAUNA_NAVEL_06B_DEPTH1_LADDER2,9,8,MAP_TYPE_UNDERGROUND,gTileset_AraunaNavel06BDepth1Base,gTileset_AraunaNavel06BDepth1Art,False,Arte Arauna presente; aprovação visual exige revisão,V1 instalada,2,0
NavelRock_Down05,LAYOUT_ARAUNA_NAVEL_06B_DEPTH2_LADDER1,9,8,MAP_TYPE_UNDERGROUND,gTileset_AraunaNavel06BDepth2Base,gTileset_AraunaNavel06BDepth2Art,False,Arte Arauna presente; aprovação visual exige revisão,V1 instalada,2,0
NavelRock_Down06,LAYOUT_ARAUNA_NAVEL_06B_DEPTH2_LADDER2,9,8,MAP_TYPE_UNDERGROUND,gTileset_AraunaNavel06BDepth2Base,gTileset_AraunaNavel06BDepth2Art,False,Arte Arauna presente; aprovação visual exige revisão,V1 instalada,2,0
NavelRock_Down07,LAYOUT_ARAUNA_NAVEL_06B_DEPTH2_LADDER1,9,8,MAP_TYPE_UNDERGROUND,gTileset_AraunaNavel06BDepth2Base,gTileset_AraunaNavel06BDepth2Art,False,Arte Arauna presente; aprovação visual exige revisão,V1 instalada,2,0
NavelRock_Down08,LAYOUT_ARAUNA_NAVEL_06B_DEPTH2_LADDER2,9,8,MAP_TYPE_UNDERGROUND,gTileset_AraunaNavel06BDepth2Base,gTileset_AraunaNavel06BDepth2Art,False,Arte Arauna presente; aprovação visual exige revisão,V1 instalada,2,0
NavelRock_Down09,LAYOUT_ARAUNA_NAVEL_06B_ABYSS_LADDER1,9,8,MAP_TYPE_UNDERGROUND,gTileset_AraunaNavel06BAbyssBase,gTileset_AraunaNavel06BAbyssArt,False,Arte Arauna presente; aprovação visual exige revisão,V1 instalada,2,0
NavelRock_Down10,LAYOUT_ARAUNA_NAVEL_06B_ABYSS_LADDER2,9,8,MAP_TYPE_UNDERGROUND,gTileset_AraunaNavel06BAbyssBase,gTileset_AraunaNavel06BAbyssArt,False,Arte Arauna presente; aprovação visual exige revisão,V1 instalada,2,0
NavelRock_Down11,LAYOUT_ARAUNA_NAVEL_06B_ABYSS_LADDER1,9,8,MAP_TYPE_UNDERGROUND,gTileset_AraunaNavel06BAbyssBase,gTileset_AraunaNavel06BAbyssArt,False,Arte Arauna presente; aprovação visual exige revisão,V1 instalada,2,0
NavelRock_Entrance,LAYOUT_NAVEL_ROCK_ENTRANCE,21,32,MAP_TYPE_UNDERGROUND,gTileset_AraunaNavel06BGalleryBase,gTileset_AraunaNavel06BGalleryArt,False,Arte Arauna presente; aprovação visual exige revisão,V1 instalada,2,0
NavelRock_Exterior,LAYOUT_NAVEL_ROCK_EXTERIOR,21,24,MAP_TYPE_INDOOR,gTileset_AraunaNavel06BCoastBase,gTileset_AraunaNavel06BCoastArt,False,Arte Arauna presente; aprovação visual exige revisão,V1 instalada,2,0
NavelRock_Fork,LAYOUT_NAVEL_ROCK_FORK,27,86,MAP_TYPE_UNDERGROUND,gTileset_AraunaNavel06BGalleryBase,gTileset_AraunaNavel06BGalleryArt,False,Arte Arauna presente; aprovação visual exige revisão,V1 instalada,3,0
NavelRock_Harbor,LAYOUT_ARAUNA_NAVEL_06B_HARBOR,17,13,MAP_TYPE_INDOOR,gTileset_AraunaNavel06BDockBase,gTileset_AraunaNavel06BDockArt,False,Arte Arauna presente; aprovação visual exige revisão,V1 instalada,1,2
NavelRock_Top,LAYOUT_NAVEL_ROCK_TOP,25,28,MAP_TYPE_UNDERGROUND,gTileset_AraunaNavel06BSummitBase,gTileset_AraunaNavel06BSummitArt,False,Arte Arauna presente; aprovação visual exige revisão,V1 instalada,1,1
NavelRock_Up1,LAYOUT_NAVEL_ROCK_LADDER_ROOM1,9,8,MAP_TYPE_UNDERGROUND,gTileset_AraunaNavel06BAscentBase,gTileset_AraunaNavel06BAscentArt,False,Arte Arauna presente; aprovação visual exige revisão,V1 instalada,2,0
NavelRock_Up2,LAYOUT_NAVEL_ROCK_LADDER_ROOM2,9,8,MAP_TYPE_UNDERGROUND,gTileset_AraunaNavel06BAscentBase,gTileset_AraunaNavel06BAscentArt,False,Arte Arauna presente; aprovação visual exige revisão,V1 instalada,2,0
NavelRock_Up3,LAYOUT_ARAUNA_NAVEL_06B_SUMMIT_LADDER1,9,8,MAP_TYPE_UNDERGROUND,gTileset_AraunaNavel06BSummitBase,gTileset_AraunaNavel06BSummitArt,False,Arte Arauna presente; aprovação visual exige revisão,V1 instalada,2,0
NavelRock_Up4,LAYOUT_ARAUNA_NAVEL_06B_SUMMIT_LADDER2,9,8,MAP_TYPE_UNDERGROUND,gTileset_AraunaNavel06BSummitBase,gTileset_AraunaNavel06BSummitArt,False,Arte Arauna presente; aprovação visual exige revisão,V1 instalada,2,0
NewMauville_Entrance,LAYOUT_ARAUNA_USINA_VELHA_ENTRADA_V1,9,9,MAP_TYPE_UNDERGROUND,gTileset_AraunaUsinaRocha,gTileset_Facility,False,Arte Arauna presente; aprovação visual exige revisão,V1 instalada,2,1
NewMauville_Inside,LAYOUT_ARAUNA_USINA_VELHA_INTERIOR_V1,41,41,MAP_TYPE_UNDERGROUND,gTileset_AraunaUsinaRocha,gTileset_AraunaUsinaMaquinas,False,Arte Arauna presente; aprovação visual exige revisão,V1 instalada,1,8
OldaleTown,LAYOUT_ARAUNA_OLDALE_TOWN_COMPOSICAO_V1,30,26,MAP_TYPE_TOWN,gTileset_AraunaBorderOldaleTownBaseUivoV1,gTileset_AraunaBorderOldaleTownArtUivoV1,False,Arte Arauna presente; aprovação visual exige revisão,V1 instalada,4,4
OldaleTown_House1,LAYOUT_ARAUNA_PASSAGEM_INTERIORS_HOUSE1,12,11,MAP_TYPE_INDOOR,gTileset_Building,gTileset_AraunaPassagemInteriorsV1,False,Arte Arauna presente; aprovação visual exige revisão,V1 instalada,2,1
OldaleTown_House2,LAYOUT_ARAUNA_PASSAGEM_INTERIORS_HOUSE2,12,11,MAP_TYPE_INDOOR,gTileset_Building,gTileset_AraunaPassagemInteriorsV1,False,Arte Arauna presente; aprovação visual exige revisão,V1 instalada,2,2
OldaleTown_Mart,LAYOUT_ARAUNA_PASSAGEM_INTERIORS_MART,12,11,MAP_TYPE_INDOOR,gTileset_Building,gTileset_AraunaPassagemInteriorsV1,False,Arte Arauna presente; aprovação visual exige revisão,V1 instalada,2,3
OldaleTown_PokemonCenter_1F,LAYOUT_ARAUNA_PASSAGEM_INTERIORS_POKEMONCENTER_1F,14,9,MAP_TYPE_INDOOR,gTileset_Building,gTileset_AraunaPassagemInteriorsV1,False,Arte Arauna presente; aprovação visual exige revisão,V1 instalada,3,4
OldaleTown_PokemonCenter_2F,LAYOUT_ARAUNA_PASSAGEM_INTERIORS_POKEMONCENTER_2F,14,10,MAP_TYPE_INDOOR,gTileset_Building,gTileset_AraunaPassagemInteriorsV1,False,Arte Arauna presente; aprovação visual exige revisão,V1 instalada,3,4
PacifidlogTown,LAYOUT_PACIFIDLOG_TOWN,34,40,MAP_TYPE_TOWN,gTileset_General,gTileset_AraunaCasaFogueiraV2,False,Arte Arauna presente; aprovação visual exige revisão,V1 instalada,6,3
PacifidlogTown_House1,LAYOUT_ARAUNA_CASA_FOGUEIRA_HOUSE1,12,11,MAP_TYPE_INDOOR,gTileset_Building,gTileset_AraunaCasaFogueiraInteriorsV2,False,Arte Arauna presente; aprovação visual exige revisão,V1 instalada,2,2
PacifidlogTown_House2,LAYOUT_ARAUNA_CASA_FOGUEIRA_HOUSE2,12,11,MAP_TYPE_INDOOR,gTileset_Building,gTileset_AraunaCasaFogueiraInteriorsV2,False,Arte Arauna presente; aprovação visual exige revisão,V1 instalada,2,3
PacifidlogTown_House3,LAYOUT_ARAUNA_CASA_FOGUEIRA_HOUSE3,12,11,MAP_TYPE_INDOOR,gTileset_Building,gTileset_AraunaCasaFogueiraInteriorsV2,False,Arte Arauna presente; aprovação visual exige revisão,V1 instalada,2,2
PacifidlogTown_House4,LAYOUT_ARAUNA_CASA_FOGUEIRA_HOUSE4,12,11,MAP_TYPE_INDOOR,gTileset_Building,gTileset_AraunaCasaFogueiraInteriorsV2,False,Arte Arauna presente; aprovação visual exige revisão,V1 instalada,2,3
PacifidlogTown_House5,LAYOUT_ARAUNA_CASA_FOGUEIRA_HOUSE5,18,14,MAP_TYPE_INDOOR,gTileset_Building,gTileset_AraunaCasaFogueiraInteriorsV2,False,Arte Arauna presente; aprovação visual exige revisão,V1 instalada,2,2
PacifidlogTown_PokemonCenter_1F,LAYOUT_ARAUNA_CASA_FOGUEIRA_CENTER_1F,14,9,MAP_TYPE_INDOOR,gTileset_Building,gTileset_AraunaCasaFogueiraInteriorsV2,False,Arte Arauna presente; aprovação visual exige revisão,V1 instalada,3,5
PacifidlogTown_PokemonCenter_2F,LAYOUT_ARAUNA_CASA_FOGUEIRA_CENTER_2F,14,10,MAP_TYPE_INDOOR,gTileset_Building,gTileset_AraunaCasaFogueiraInteriorsV2,False,Arte Arauna presente; aprovação visual exige revisão,V1 instalada,3,4
PetalburgCity,LAYOUT_ARAUNA_PETALBURG_CITY_SUL_PAMPA_V1,38,30,MAP_TYPE_CITY,gTileset_AraunaBorderPetalburgCityBaseUivoV1,gTileset_AraunaBorderPetalburgCityArtUivoV1,False,Arte Arauna presente; aprovação visual exige revisão,V1 instalada,6,9
PetalburgCity_Gym,LAYOUT_ARAUNA_PAMPA_GYM,9,112,MAP_TYPE_INDOOR,gTileset_Building,gTileset_AraunaPampaGalpao,False,Arte Arauna presente; aprovação visual exige revisão,V1 instalada,38,11
PetalburgCity_House1,LAYOUT_ARAUNA_PAMPA_HOUSE1,10,9,MAP_TYPE_INDOOR,gTileset_Building,gTileset_AraunaPampaCasas,False,Arte Arauna presente; aprovação visual exige revisão,V1 instalada,2,2
PetalburgCity_House2,LAYOUT_ARAUNA_PAMPA_HOUSE2,10,8,MAP_TYPE_INDOOR,gTileset_Building,gTileset_AraunaPampaCasas,False,Arte Arauna presente; aprovação visual exige revisão,V1 instalada,2,2
PetalburgCity_Mart,LAYOUT_ARAUNA_PAMPA_MART,11,8,MAP_TYPE_INDOOR,gTileset_Building,gTileset_AraunaPampaVenda,False,Arte Arauna presente; aprovação visual exige revisão,V1 instalada,2,4
PetalburgCity_PokemonCenter_1F,LAYOUT_ARAUNA_PAMPA_POKEMONCENTER_1F,14,9,MAP_TYPE_INDOOR,gTileset_Building,gTileset_AraunaPampaCentro,False,Arte Arauna presente; aprovação visual exige revisão,V1 instalada,3,5
PetalburgCity_PokemonCenter_2F,LAYOUT_ARAUNA_PAMPA_POKEMONCENTER_2F,14,10,MAP_TYPE_INDOOR,gTileset_Building,gTileset_AraunaPampaCentro,False,Arte Arauna presente; aprovação visual exige revisão,V1 instalada,3,4
PetalburgCity_WallysHouse,LAYOUT_ARAUNA_PAMPA_WALLYSHOUSE,11,8,MAP_TYPE_INDOOR,gTileset_Building,gTileset_AraunaPampaCasas,False,Arte Arauna presente; aprovação visual exige revisão,V1 instalada,2,2
PetalburgWoods,LAYOUT_ARAUNA_MATA_ESPERA_V1,48,44,MAP_TYPE_ROUTE,gTileset_AraunaMataEspera,gTileset_AraunaMataEsperaV1,False,Arte Arauna presente; aprovação visual exige revisão,V1 instalada,6,13
RecordCorner,LAYOUT_RECORD_CORNER,20,10,MAP_TYPE_INDOOR,gTileset_Building,gTileset_CableClub,False,Bancos nativos; sem alias de câmera,08F Conexão,4,1
Route101,LAYOUT_ARAUNA_ROUTE101_COMPOSICAO_V1,40,28,MAP_TYPE_ROUTE,gTileset_AraunaInicioBaseV1,gTileset_AraunaInicioSulV1,False,Arte Arauna presente; aprovação visual exige revisão,V1 instalada,2,8
Route102,LAYOUT_ARAUNA_ROUTE102_SUL_PAMPA_V1,50,20,MAP_TYPE_ROUTE,gTileset_AraunaBorderRoute102BaseUivoV1,gTileset_AraunaBorderRoute102ArtUivoV1,False,Arte Arauna presente; aprovação visual exige revisão,V1 instalada,0,11
Route103,LAYOUT_ARAUNA_ROUTE103_SUL_PAMPA_V1,80,22,MAP_TYPE_ROUTE,gTileset_AraunaBorderRoute103BaseUivoV1,gTileset_AraunaBorderRoute103ArtUivoV1,False,Arte Arauna presente; aprovação visual exige revisão,V1 instalada,1,22
Route104,LAYOUT_ARAUNA_ROUTE104_SUL_PAMPA_V1,40,80,MAP_TYPE_ROUTE,gTileset_AraunaBorderRoute104BaseUivoV1,gTileset_AraunaBorderRoute104ArtUivoV1,False,Arte Arauna presente; aprovação visual exige revisão,V1 instalada,8,36
Route104_MrBrineysHouse,LAYOUT_ARAUNA_CAMPANHA_V2_ROUTE104_MR_BRINEYS_HOUSE,12,9,MAP_TYPE_INDOOR,gTileset_AraunaCampanhaBaseV2,gTileset_AraunaCampanhaBrineyV2,False,Arte Arauna presente; aprovação visual exige revisão,V1 instalada,2,2
Route104_PrettyPetalFlowerShop,LAYOUT_ARAUNA_CAMPANHA_V2_ROUTE104_PRETTY_PETAL_FLOWER_SHOP,15,9,MAP_TYPE_INDOOR,gTileset_AraunaCampanhaBaseV2,gTileset_AraunaCampanhaFloresV2,False,Arte Arauna presente; aprovação visual exige revisão,V1 instalada,2,3
Route104_Prototype,LAYOUT_ROUTE104_PROTOTYPE,1,1,MAP_TYPE_ROUTE,gTileset_General,gTileset_Rustboro,False,Protótipo/inativo; fora da fila de arte,Sem prioridade,0,0
Route104_PrototypePrettyPetalFlowerShop,LAYOUT_ROUTE104_PRETTY_PETAL_FLOWER_SHOP,15,9,MAP_TYPE_INDOOR,gTileset_Building,gTileset_PrettyPetalFlowerShop,False,Protótipo/inativo; fora da fila de arte,Sem prioridade,0,0
Route105,LAYOUT_ARAUNA_ROUTE105_ARCO_V1,40,80,MAP_TYPE_ROUTE,gTileset_AraunaBorderRoute105BaseUivoV1,gTileset_AraunaBorderRoute105ArtUivoV1,False,Arte Arauna presente; aprovação visual exige revisão,V1 instalada,1,10
Route106,LAYOUT_ROUTE106,80,20,MAP_TYPE_ROUTE,gTileset_General,gTileset_AraunaRedes,False,Arte Arauna presente; aprovação visual exige revisão,V1 instalada,1,7
Route107,LAYOUT_ROUTE107,60,20,MAP_TYPE_ROUTE,gTileset_General,gTileset_AraunaRedes,False,Arte Arauna presente; aprovação visual exige revisão,V1 instalada,0,7
Route108,LAYOUT_ARAUNA_ROUTE108_WRECK_V1,60,20,MAP_TYPE_ROUTE,gTileset_AraunaArcoCosteiro,gTileset_AraunaNaufragio,False,Arte Arauna presente; aprovação visual exige revisão,V1 instalada,1,7
Route109,LAYOUT_ARAUNA_ROUTE109_URBAN_BEACH_V1,40,63,MAP_TYPE_ROUTE,gTileset_AraunaArcoCosteiro,gTileset_AraunaPraiaUrbana,False,Arte Arauna presente; aprovação visual exige revisão,V1 instalada,1,25
Route109_SeashoreHouse,LAYOUT_ROUTE109_SEASHORE_HOUSE,15,10,MAP_TYPE_INDOOR,gTileset_AraunaRotaBaseV1,gTileset_AraunaRotaPraiaV1,False,Arte Arauna presente; aprovação visual exige revisão,V1 instalada,2,4
Route110,LAYOUT_ARAUNA_ROUTE110_MANGROVE_V1,40,100,MAP_TYPE_ROUTE,gTileset_AraunaBorderRoute110BaseUivoV1,gTileset_AraunaBorderRoute110ArtUivoV1,False,Arte Arauna presente; aprovação visual exige revisão,V1 instalada,6,38
Route110_SeasideCyclingRoadNorthEntrance,LAYOUT_ROUTE110_SEASIDE_CYCLING_ROAD_ENTRANCE,15,6,MAP_TYPE_INDOOR,gTileset_AraunaRotaBaseV1,gTileset_AraunaRotaCicloviaV1,False,Arte Arauna presente; aprovação visual exige revisão,V1 instalada,4,1
Route110_SeasideCyclingRoadSouthEntrance,LAYOUT_ROUTE110_SEASIDE_CYCLING_ROAD_ENTRANCE,15,6,MAP_TYPE_INDOOR,gTileset_AraunaRotaBaseV1,gTileset_AraunaRotaCicloviaV1,False,Arte Arauna presente; aprovação visual exige revisão,V1 instalada,4,1
Route110_TrickHouseCorridor,LAYOUT_ROUTE110_TRICK_HOUSE_CORRIDOR,15,24,MAP_TYPE_INDOOR,gTileset_AraunaRotaBaseV1,gTileset_AraunaRotaOficinaV1,False,Arte Arauna presente; aprovação visual exige revisão,V1 instalada,4,0
Route110_TrickHouseEnd,LAYOUT_ROUTE110_TRICK_HOUSE_END,12,8,MAP_TYPE_INDOOR,gTileset_AraunaRotaBaseV1,gTileset_AraunaRotaOficinaV1,False,Arte Arauna presente; aprovação visual exige revisão,V1 instalada,2,1
Route110_TrickHouseEntrance,LAYOUT_ROUTE110_TRICK_HOUSE_ENTRANCE,12,8,MAP_TYPE_INDOOR,gTileset_AraunaRotaBaseV1,gTileset_AraunaRotaOficinaV1,False,Arte Arauna presente; aprovação visual exige revisão,V1 instalada,3,1
Route110_TrickHousePuzzle1,LAYOUT_ROUTE110_TRICK_HOUSE_PUZZLE1,15,22,MAP_TYPE_INDOOR,gTileset_AraunaRotaBaseV1,gTileset_AraunaRotaEnigmasV1,False,Arte Arauna presente; aprovação visual exige revisão,V1 instalada,3,15
Route110_TrickHousePuzzle2,LAYOUT_ROUTE110_TRICK_HOUSE_PUZZLE2,15,22,MAP_TYPE_INDOOR,gTileset_AraunaRotaBaseV1,gTileset_AraunaRotaEnigmasV1,False,Arte Arauna presente; aprovação visual exige revisão,V1 instalada,3,5
Route110_TrickHousePuzzle3,LAYOUT_ROUTE110_TRICK_HOUSE_PUZZLE3,15,22,MAP_TYPE_INDOOR,gTileset_AraunaRotaBaseV1,gTileset_AraunaRotaEnigmasV1,False,Arte Arauna presente; aprovação visual exige revisão,V1 instalada,3,7
Route110_TrickHousePuzzle4,LAYOUT_ROUTE110_TRICK_HOUSE_PUZZLE4,15,22,MAP_TYPE_INDOOR,gTileset_AraunaRotaBaseV1,gTileset_AraunaRotaEnigmasV1,False,Arte Arauna presente; aprovação visual exige revisão,V1 instalada,3,14
Route110_TrickHousePuzzle5,LAYOUT_ROUTE110_TRICK_HOUSE_PUZZLE5,15,22,MAP_TYPE_INDOOR,gTileset_AraunaRotaBaseV1,gTileset_AraunaRotaEnigmasV1,False,Arte Arauna presente; aprovação visual exige revisão,V1 instalada,3,5
Route110_TrickHousePuzzle6,LAYOUT_ROUTE110_TRICK_HOUSE_PUZZLE6,15,22,MAP_TYPE_INDOOR,gTileset_AraunaRotaBaseV1,gTileset_AraunaRotaEnigmasV1,False,Arte Arauna presente; aprovação visual exige revisão,V1 instalada,3,4
Route110_TrickHousePuzzle7,LAYOUT_ROUTE110_TRICK_HOUSE_PUZZLE7,15,22,MAP_TYPE_INDOOR,gTileset_AraunaRotaBaseV1,gTileset_AraunaRotaEnigmasV1,False,Arte Arauna presente; aprovação visual exige revisão,V1 instalada,13,9
Route110_TrickHousePuzzle8,LAYOUT_ROUTE110_TRICK_HOUSE_PUZZLE8,15,22,MAP_TYPE_INDOOR,gTileset_AraunaRotaBaseV1,gTileset_AraunaRotaEnigmasV1,False,Arte Arauna presente; aprovação visual exige revisão,V1 instalada,3,4
Route111,LAYOUT_ARAUNA_ROUTE111_THREE_ACTS_V1,40,140,MAP_TYPE_ROUTE,gTileset_AraunaBorderRoute111BaseUivoV1,gTileset_AraunaBorderRoute111ArtUivoV1,False,Arte Arauna presente; aprovação visual exige revisão,V1 instalada,5,48
Route111_OldLadysRestStop,LAYOUT_HOUSE3,10,8,MAP_TYPE_INDOOR,gTileset_AraunaRotaBaseV1,gTileset_AraunaRotaPousoV1,False,Arte Arauna presente; aprovação visual exige revisão,V1 instalada,2,1
Route111_WinstrateFamilysHouse,LAYOUT_HOUSE2,11,8,MAP_TYPE_INDOOR,gTileset_AraunaRotaBaseV1,gTileset_AraunaRotaFazendaV1,False,Arte Arauna presente; aprovação visual exige revisão,V1 instalada,2,4
Route112,LAYOUT_ARAUNA_ROUTE112_VOLCANIC_BASE_V1,40,60,MAP_TYPE_ROUTE,gTileset_AraunaBorderRoute112BaseUivoV1,gTileset_AraunaBorderRoute112ArtUivoV1,False,Arte Arauna presente; aprovação visual exige revisão,V1 instalada,6,14
Route112_CableCarStation,LAYOUT_CABLE_CAR_STATION,13,12,MAP_TYPE_INDOOR,gTileset_General,gTileset_AraunaRotaEstacaoV1,False,Arte Arauna presente; aprovação visual exige revisão,V1 instalada,2,2
Route113,LAYOUT_ARAUNA_ROUTE113_ASH_FIELD_V1,100,20,MAP_TYPE_ROUTE,gTileset_AraunaCampoCinzas,gTileset_Arauna113CampoInterfaceV4,False,Arte Arauna presente; aprovação visual exige revisão,V1 instalada,3,16
Route113_GlassWorkshop,LAYOUT_HOUSE4,10,9,MAP_TYPE_INDOOR,gTileset_AraunaRotaBaseV1,gTileset_AraunaRotaVidroV1,False,Arte Arauna presente; aprovação visual exige revisão,V1 instalada,2,2
Route114,LAYOUT_ARAUNA_ROUTE114_VALLEY_V1,40,80,MAP_TYPE_ROUTE,gTileset_AraunaBorderRoute114BaseUivoV1,gTileset_AraunaBorderRoute114ArtUivoV1,False,Arte Arauna presente; aprovação visual exige revisão,V1 instalada,5,29
Route114_FossilManiacsHouse,LAYOUT_ROUTE114_FOSSIL_MANIACS_HOUSE,10,8,MAP_TYPE_INDOOR,gTileset_AraunaRotaBaseV1,gTileset_AraunaRotaFosseisV1,False,Arte Arauna presente; aprovação visual exige revisão,V1 instalada,3,1
Route114_FossilManiacsTunnel,LAYOUT_ROUTE114_FOSSIL_MANIACS_TUNNEL,13,26,MAP_TYPE_INDOOR,gTileset_General,gTileset_AraunaRotaTunelV1,False,Arte Arauna presente; aprovação visual exige revisão,V1 instalada,3,1
Route114_LanettesHouse,LAYOUT_ROUTE114_LANETTES_HOUSE,11,8,MAP_TYPE_INDOOR,gTileset_AraunaRotaBaseV1,gTileset_AraunaRotaTecnicaV1,True,Arte Arauna presente; aprovação visual exige revisão,V1 instalada,2,1
Route115,LAYOUT_ARAUNA_UIVO_ROUTE115_V1,40,80,MAP_TYPE_ROUTE,gTileset_AraunaBorderRoute115BaseUivoV1,gTileset_AraunaBorderRoute115ArtUivoV1,False,Arte Arauna presente; aprovação visual exige revisão,V1 instalada,3,23
Route116,LAYOUT_ARAUNA_UIVO_ROUTE116_V1,100,20,MAP_TYPE_ROUTE,gTileset_AraunaBorderRoute116BaseUivoV1,gTileset_AraunaBorderRoute116ArtUivoV1,False,Arte Arauna presente; aprovação visual exige revisão,V1 instalada,5,30
Route116_TunnelersRestHouse,LAYOUT_ROUTE116_TUNNELERS_REST_HOUSE,10,9,MAP_TYPE_INDOOR,gTileset_AraunaRotaBaseV1,gTileset_AraunaRotaMineirosV1,False,Arte Arauna presente; aprovação visual exige revisão,V1 instalada,2,3
Route117,LAYOUT_ARAUNA_ROUTE117_CULTIVATED_FIELDS_V1,60,20,MAP_TYPE_ROUTE,gTileset_AraunaBorderRoute117BaseUivoV1,gTileset_AraunaBorderRoute117ArtUivoV1,False,Arte Arauna presente; aprovação visual exige revisão,V1 instalada,1,24
Route117_PokemonDayCare,LAYOUT_ARAUNA_CAMPANHA_V2_ROUTE117_POKEMON_DAY_CARE,12,9,MAP_TYPE_INDOOR,gTileset_AraunaCampanhaBaseV2,gTileset_AraunaCampanhaDaycareV2,False,Arte Arauna presente; aprovação visual exige revisão,V1 instalada,2,1
Route118,LAYOUT_ARAUNA_ROUTE118_RIVER_CROSSING_V1,80,20,MAP_TYPE_ROUTE,gTileset_AraunaBorderRoute118BaseUivoV1,gTileset_AraunaBorderRoute118ArtUivoV1,False,Arte Arauna presente; aprovação visual exige revisão,V1 instalada,2,23
Route119,LAYOUT_ROUTE119,40,140,MAP_TYPE_ROUTE,gTileset_AraunaBorderRoute119BaseUivoV1,gTileset_AraunaBorderRoute119ArtUivoV1,False,Arte Arauna presente; aprovação visual exige revisão,V1 instalada,2,45
Route119_House,LAYOUT_ARAUNA_CAMPANHA_V2_ROUTE119_HOUSE,10,9,MAP_TYPE_INDOOR,gTileset_AraunaCampanhaBaseV2,gTileset_AraunaCampanhaAbrigoV2,False,Arte Arauna presente; aprovação visual exige revisão,V1 instalada,2,7
Route119_WeatherInstitute_1F,LAYOUT_ARAUNA_CAMPANHA_V2_ROUTE119_WEATHER_INSTITUTE_1_F,20,13,MAP_TYPE_INDOOR,gTileset_AraunaCampanhaBaseV2,gTileset_AraunaCampanhaClimaV2,False,Arte Arauna presente; aprovação visual exige revisão,V1 instalada,3,5
Route119_WeatherInstitute_2F,LAYOUT_ARAUNA_CAMPANHA_V2_ROUTE119_WEATHER_INSTITUTE_2_F,20,11,MAP_TYPE_INDOOR,gTileset_AraunaCampanhaBaseV2,gTileset_AraunaCampanhaClimaV2,False,Arte Arauna presente; aprovação visual exige revisão,V1 instalada,1,8
Route120,LAYOUT_ROUTE120,40,100,MAP_TYPE_ROUTE,gTileset_General,gTileset_AraunaMataMeioV3,False,Arte Arauna presente; aprovação visual exige revisão,V1 instalada,2,44
Route121,LAYOUT_ARAUNA_ROUTE121_URBAN_TRANSITION_V1,80,20,MAP_TYPE_ROUTE,gTileset_AraunaTransicaoBaia,gTileset_Arauna121BaiaInterfaceV3,False,Arte Arauna presente; aprovação visual exige revisão,V1 instalada,1,31
Route121_SafariZoneEntrance,LAYOUT_ROUTE121_SAFARI_ZONE_ENTRANCE,18,14,MAP_TYPE_INDOOR,gTileset_AraunaSafari05RecepcaoBase,gTileset_AraunaSafari05RecepcaoArt,False,Arte Arauna presente; aprovação visual exige revisão,V1 instalada,4,3
Route122,LAYOUT_ARAUNA_ROUTE122_MEMORIAL_WATER_V1,40,40,MAP_TYPE_ROUTE,gTileset_AraunaRioMemorial,gTileset_Arauna122MarcosMemoria,False,Arte Arauna presente; aprovação visual exige revisão,V1 instalada,1,0
Route123,LAYOUT_ARAUNA_ROUTE123_COASTAL_FARMS_V1,140,20,MAP_TYPE_ROUTE,gTileset_AraunaFazendasCosteiras,gTileset_Arauna123CostaLavoura,False,Arte Arauna presente; aprovação visual exige revisão,V1 instalada,1,45
Route123_BerryMastersHouse,LAYOUT_HOUSE2,11,8,MAP_TYPE_INDOOR,gTileset_AraunaRotaBaseV1,gTileset_AraunaRotaFazendaV1,False,Arte Arauna presente; aprovação visual exige revisão,V1 instalada,2,2
Route124,LAYOUT_ARAUNA_ROUTE124_ARCHIPELAGO_V1,80,80,MAP_TYPE_OCEAN_ROUTE,gTileset_AraunaBorderRoute124BaseUivoV1,gTileset_AraunaBorderRoute124ArtUivoV1,False,Arte Arauna presente; aprovação visual exige revisão,V1 instalada,1,12
Route124_DivingTreasureHuntersHouse,LAYOUT_ROUTE124_DIVING_TREASURE_HUNTERS_HOUSE,10,9,MAP_TYPE_INDOOR,gTileset_AraunaRotaBaseV1,gTileset_AraunaRotaMergulhoV1,False,Arte Arauna presente; aprovação visual exige revisão,V1 instalada,2,1
Route125,LAYOUT_ARAUNA_ROUTE125_COLD_SEA_V1,80,40,MAP_TYPE_OCEAN_ROUTE,gTileset_AraunaMarFrio,gTileset_Arauna125MissoesInterfaceV3,False,Arte Arauna presente; aprovação visual exige revisão,V1 instalada,1,10
Route126,LAYOUT_ARAUNA_ROUTE126_ANCESTRAL_WATERS_V1,80,80,MAP_TYPE_OCEAN_ROUTE,gTileset_AraunaBorderRoute126BaseUivoV1,gTileset_AraunaBorderRoute126ArtUivoV1,False,Arte Arauna presente; aprovação visual exige revisão,V1 instalada,0,9
Route127,LAYOUT_ARAUNA_ROUTE127_DEEP_OCEAN_V1,80,80,MAP_TYPE_OCEAN_ROUTE,gTileset_AraunaOceanoProfundo,gTileset_Arauna127MissoesInterfaceV3,False,Arte Arauna presente; aprovação visual exige revisão,V1 instalada,0,11
Route128,LAYOUT_ARAUNA_ROUTE128_DIVE_REEF_V1,120,40,MAP_TYPE_OCEAN_ROUTE,gTileset_AraunaBorderRoute128BaseUivoV1,gTileset_AraunaBorderRoute128ArtUivoV1,False,Arte Arauna presente; aprovação visual exige revisão,V1 instalada,0,10
Route129,LAYOUT_ARAUNA_ROUTE129_ISLAND_LANDMARKS_V1,80,40,MAP_TYPE_OCEAN_ROUTE,gTileset_AraunaIlhotas,gTileset_Arauna129Bosque,False,Arte Arauna presente; aprovação visual exige revisão,V1 instalada,0,5
Route130,LAYOUT_ARAUNA_ROUTE130_CROSS_CURRENTS_V1,80,40,MAP_TYPE_OCEAN_ROUTE,gTileset_AraunaMarCorrente,gTileset_Arauna130Correntes,False,Arte Arauna presente; aprovação visual exige revisão,V1 instalada,0,4
Route131,LAYOUT_ARAUNA_ROUTE131_LAST_FREE_SEA_V1,60,40,MAP_TYPE_OCEAN_ROUTE,gTileset_AraunaMarLivre,gTileset_Arauna131Vento,False,Arte Arauna presente; aprovação visual exige revisão,V1 instalada,1,8
Route132,LAYOUT_ARAUNA_ROUTE132_CURRENT_NODES_V1,80,40,MAP_TYPE_OCEAN_ROUTE,gTileset_AraunaCorrentesFinais,gTileset_Arauna132134Balizas,False,Arte Arauna presente; aprovação visual exige revisão,V1 instalada,0,10
Route133,LAYOUT_ARAUNA_ROUTE133_CURRENT_NODES_V1,80,40,MAP_TYPE_OCEAN_ROUTE,gTileset_AraunaCorrentesFinais,gTileset_Arauna132134Balizas,False,Arte Arauna presente; aprovação visual exige revisão,V1 instalada,0,10
Route134,LAYOUT_ARAUNA_ROUTE134_CURRENT_NODES_V1,80,40,MAP_TYPE_OCEAN_ROUTE,gTileset_AraunaCorrentesFinais,gTileset_Arauna132134Balizas,False,Arte Arauna presente; aprovação visual exige revisão,V1 instalada,0,11
RustboroCity,LAYOUT_ARAUNA_UIVO_RUSTBORO_CITY_V1,40,60,MAP_TYPE_CITY,gTileset_AraunaBorderRustboroCityBaseUivoV1,gTileset_AraunaBorderRustboroCityArtUivoV1,False,Arte Arauna presente; aprovação visual exige revisão,V1 instalada,13,16
RustboroCity_CuttersHouse,LAYOUT_ARAUNA_SERRA_INTERIORS_CUTTERSHOUSE,11,9,MAP_TYPE_INDOOR,gTileset_Building,gTileset_AraunaSerraCasas,False,Arte Arauna presente; aprovação visual exige revisão,V1 instalada,2,2
RustboroCity_DevonCorp_1F,LAYOUT_ARAUNA_SERRA_INTERIORS_DEVONCORP_1F,19,9,MAP_TYPE_INDOOR,gTileset_Building,gTileset_AraunaSerraTecnica,False,Arte Arauna presente; aprovação visual exige revisão,V1 instalada,3,3
RustboroCity_DevonCorp_2F,LAYOUT_ARAUNA_SERRA_INTERIORS_DEVONCORP_2F,19,9,MAP_TYPE_INDOOR,gTileset_General,gTileset_AraunaSerraTecnica,False,Arte Arauna presente; aprovação visual exige revisão,V1 instalada,2,6
RustboroCity_DevonCorp_3F,LAYOUT_ARAUNA_SERRA_INTERIORS_DEVONCORP_3F,19,9,MAP_TYPE_INDOOR,gTileset_Building,gTileset_AraunaSerraTecnica,False,Arte Arauna presente; aprovação visual exige revisão,V1 instalada,1,3
RustboroCity_Flat1_1F,LAYOUT_ARAUNA_SERRA_INTERIORS_FLAT1_1F,14,8,MAP_TYPE_INDOOR,gTileset_Building,gTileset_AraunaSerraCasas,False,Arte Arauna presente; aprovação visual exige revisão,V1 instalada,3,2
RustboroCity_Flat1_2F,LAYOUT_ARAUNA_SERRA_INTERIORS_FLAT1_2F,14,8,MAP_TYPE_INDOOR,gTileset_Building,gTileset_AraunaSerraCasas,False,Arte Arauna presente; aprovação visual exige revisão,V1 instalada,1,8
RustboroCity_Flat2_1F,LAYOUT_ARAUNA_SERRA_INTERIORS_FLAT2_1F,14,9,MAP_TYPE_INDOOR,gTileset_Building,gTileset_AraunaSerraCasas,False,Arte Arauna presente; aprovação visual exige revisão,V1 instalada,3,2
RustboroCity_Flat2_2F,LAYOUT_ARAUNA_SERRA_INTERIORS_FLAT2_2F,14,9,MAP_TYPE_INDOOR,gTileset_Building,gTileset_AraunaSerraCasas,False,Arte Arauna presente; aprovação visual exige revisão,V1 instalada,2,2
RustboroCity_Flat2_3F,LAYOUT_ARAUNA_SERRA_INTERIORS_FLAT2_3F,14,9,MAP_TYPE_INDOOR,gTileset_Building,gTileset_AraunaSerraCasas,False,Arte Arauna presente; aprovação visual exige revisão,V1 instalada,1,2
RustboroCity_Gym,LAYOUT_RUSTBORO_CITY_GYM,24,24,MAP_TYPE_INDOOR,gTileset_Building,gTileset_AraunaTerra,False,Arte Arauna presente; aprovação visual exige revisão,V1 instalada,2,5
RustboroCity_House1,LAYOUT_ARAUNA_SERRA_INTERIORS_HOUSE1,13,8,MAP_TYPE_INDOOR,gTileset_Building,gTileset_AraunaSerraCasas,False,Arte Arauna presente; aprovação visual exige revisão,V1 instalada,2,2
RustboroCity_House2,LAYOUT_ARAUNA_SERRA_INTERIORS_HOUSE2,12,9,MAP_TYPE_INDOOR,gTileset_Building,gTileset_AraunaSerraCasas,False,Arte Arauna presente; aprovação visual exige revisão,V1 instalada,2,2
RustboroCity_House3,LAYOUT_ARAUNA_SERRA_INTERIORS_HOUSE3,12,9,MAP_TYPE_INDOOR,gTileset_Building,gTileset_AraunaSerraCasas,False,Arte Arauna presente; aprovação visual exige revisão,V1 instalada,2,3
RustboroCity_Mart,LAYOUT_ARAUNA_SERRA_INTERIORS_MART,11,8,MAP_TYPE_INDOOR,gTileset_Building,gTileset_AraunaSerraVenda,False,Arte Arauna presente; aprovação visual exige revisão,V1 instalada,2,4
RustboroCity_PokemonCenter_1F,LAYOUT_ARAUNA_SERRA_INTERIORS_POKEMONCENTER_1F,14,9,MAP_TYPE_INDOOR,gTileset_Building,gTileset_AraunaSerraCentro,False,Arte Arauna presente; aprovação visual exige revisão,V1 instalada,3,4
RustboroCity_PokemonCenter_2F,LAYOUT_ARAUNA_SERRA_INTERIORS_POKEMONCENTER_2F,14,10,MAP_TYPE_INDOOR,gTileset_Building,gTileset_AraunaSerraCentro,False,Arte Arauna presente; aprovação visual exige revisão,V1 instalada,3,4
RustboroCity_PokemonSchool,LAYOUT_ARAUNA_SERRA_INTERIORS_POKEMONSCHOOL,12,11,MAP_TYPE_INDOOR,gTileset_Building,gTileset_AraunaSerraEscola,False,Arte Arauna presente; aprovação visual exige revisão,V1 instalada,2,7
RusturfTunnel,LAYOUT_ARAUNA_GALERIAS_SERRA_V1,36,24,MAP_TYPE_UNDERGROUND,gTileset_AraunaRochaMina,gTileset_AraunaGaleriasSerra,False,Arte Arauna presente; aprovação visual exige revisão,V1 instalada,3,10
SSTidalCorridor,LAYOUT_SS_TIDAL_CORRIDOR,18,13,MAP_TYPE_INDOOR,gTileset_General,gTileset_InsideShip,False,Bancos nativos; sem alias de câmera,08C Navio,9,5
SSTidalLowerDeck,LAYOUT_SS_TIDAL_LOWER_DECK,17,13,MAP_TYPE_INDOOR,gTileset_General,gTileset_InsideShip,False,Bancos nativos; sem alias de câmera,08C Navio,1,2
SSTidalRooms,LAYOUT_SS_TIDAL_ROOMS,36,18,MAP_TYPE_INDOOR,gTileset_General,gTileset_InsideShip,False,Bancos nativos; sem alias de câmera,08C Navio,12,8
SafariZone_North,LAYOUT_SAFARI_ZONE_NORTH,40,40,MAP_TYPE_ROUTE,gTileset_AraunaSafari05MataBase,gTileset_AraunaSafari05MataArt,False,Arte Arauna presente; aprovação visual exige revisão,V1 instalada,0,9
SafariZone_Northeast,LAYOUT_SAFARI_ZONE_NORTHEAST,40,40,MAP_TYPE_ROUTE,gTileset_AraunaSafari05MataBase,gTileset_AraunaSafari05MataArt,False,Arte Arauna presente; aprovação visual exige revisão,V1 instalada,0,9
SafariZone_Northwest,LAYOUT_SAFARI_ZONE_NORTHWEST,40,40,MAP_TYPE_ROUTE,gTileset_AraunaSafari05MataBase,gTileset_AraunaSafari05MataArt,False,Arte Arauna presente; aprovação visual exige revisão,V1 instalada,0,2
SafariZone_RestHouse,LAYOUT_SAFARI_ZONE_REST_HOUSE,10,9,MAP_TYPE_INDOOR,gTileset_AraunaSafari05PousoBase,gTileset_AraunaSafari05PousoArt,False,Arte Arauna presente; aprovação visual exige revisão,V1 instalada,2,3
SafariZone_South,LAYOUT_SAFARI_ZONE_SOUTH,40,40,MAP_TYPE_ROUTE,gTileset_AraunaSafari05MataBase,gTileset_AraunaSafari05MataArt,False,Arte Arauna presente; aprovação visual exige revisão,V1 instalada,1,6
SafariZone_Southeast,LAYOUT_SAFARI_ZONE_SOUTHEAST,40,40,MAP_TYPE_ROUTE,gTileset_AraunaSafari05MataBase,gTileset_AraunaSafari05MataArt,False,Arte Arauna presente; aprovação visual exige revisão,V1 instalada,0,5
SafariZone_Southwest,LAYOUT_SAFARI_ZONE_SOUTHWEST,40,40,MAP_TYPE_ROUTE,gTileset_AraunaSafari05MataBase,gTileset_AraunaSafari05MataArt,False,Arte Arauna presente; aprovação visual exige revisão,V1 instalada,1,2
ScorchedSlab,LAYOUT_SCORCHED_SLAB,15,20,MAP_TYPE_UNDERGROUND,gTileset_General,gTileset_Cave,False,Bancos nativos; sem alias de câmera,08B Ruínas e cavernas,1,1
SeafloorCavern_Entrance,LAYOUT_SEAFLOOR_CAVERN_ENTRANCE,20,20,MAP_TYPE_UNDERGROUND,gTileset_AraunaGrutasSeafloorBaseV1,gTileset_AraunaGrutasSeafloorRochaV1,True,Arte Arauna presente; aprovação visual exige revisão,V1 instalada,2,1
SeafloorCavern_Room1,LAYOUT_SEAFLOOR_CAVERN_ROOM1,20,21,MAP_TYPE_UNDERGROUND,gTileset_AraunaGrutasSeafloorBaseV1,gTileset_AraunaGrutasSeafloorRochaV1,True,Arte Arauna presente; aprovação visual exige revisão,V1 instalada,3,5
SeafloorCavern_Room2,LAYOUT_SEAFLOOR_CAVERN_ROOM2,18,12,MAP_TYPE_UNDERGROUND,gTileset_AraunaGrutasSeafloorBaseV1,gTileset_AraunaGrutasSeafloorRochaV1,True,Arte Arauna presente; aprovação visual exige revisão,V1 instalada,4,8
SeafloorCavern_Room3,LAYOUT_SEAFLOOR_CAVERN_ROOM3,16,17,MAP_TYPE_UNDERGROUND,gTileset_AraunaGrutasSeafloorBaseV1,gTileset_AraunaGrutasSeafloorRochaV1,True,Arte Arauna presente; aprovação visual exige revisão,V1 instalada,3,9
SeafloorCavern_Room4,LAYOUT_SEAFLOOR_CAVERN_ROOM4,18,19,MAP_TYPE_UNDERGROUND,gTileset_AraunaGrutasSeafloorBaseV1,gTileset_AraunaGrutasSeafloorRochaV1,True,Arte Arauna presente; aprovação visual exige revisão,V1 instalada,4,2
SeafloorCavern_Room5,LAYOUT_SEAFLOOR_CAVERN_ROOM5,20,20,MAP_TYPE_UNDERGROUND,gTileset_AraunaGrutasSeafloorBaseV1,gTileset_AraunaGrutasSeafloorRochaV1,True,Arte Arauna presente; aprovação visual exige revisão,V1 instalada,3,6
SeafloorCavern_Room6,LAYOUT_SEAFLOOR_CAVERN_ROOM6,24,23,MAP_TYPE_UNDERGROUND,gTileset_AraunaGrutasSeafloorBaseV1,gTileset_AraunaGrutasSeafloorCorrentesV1,True,Arte Arauna presente; aprovação visual exige revisão,V1 instalada,3,0
SeafloorCavern_Room7,LAYOUT_SEAFLOOR_CAVERN_ROOM7,23,25,MAP_TYPE_UNDERGROUND,gTileset_AraunaGrutasSeafloorBaseV1,gTileset_AraunaGrutasSeafloorCorrentesV1,True,Arte Arauna presente; aprovação visual exige revisão,V1 instalada,2,0
SeafloorCavern_Room8,LAYOUT_SEAFLOOR_CAVERN_ROOM8,11,14,MAP_TYPE_UNDERGROUND,gTileset_AraunaGrutasSeafloorBaseV1,gTileset_AraunaGrutasSeafloorRochaV1,True,Arte Arauna presente; aprovação visual exige revisão,V1 instalada,2,12
SeafloorCavern_Room9,LAYOUT_SEAFLOOR_CAVERN_ROOM9,27,46,MAP_TYPE_UNDERGROUND,gTileset_AraunaGrutasSeafloorBaseV1,gTileset_AraunaGrutasSeafloorRochaV1,True,Arte Arauna presente; aprovação visual exige revisão,V1 instalada,1,7
SealedChamber_InnerRoom,LAYOUT_SEALED_CHAMBER_INNER_ROOM,21,23,MAP_TYPE_UNDERGROUND,gTileset_General,gTileset_AraunaSealedChamber03BV11,True,Arte Arauna presente; aprovação visual exige revisão,V1 instalada,1,0
SealedChamber_OuterRoom,LAYOUT_SEALED_CHAMBER_OUTER_ROOM,21,23,MAP_TYPE_UNDERGROUND,gTileset_General,gTileset_AraunaSealedChamber03BV11,True,Arte Arauna presente; aprovação visual exige revisão,V1 instalada,1,0
SecretBase_BlueCave1,LAYOUT_SECRET_BASE_BLUE_CAVE1,11,9,MAP_TYPE_SECRET_BASE,gTileset_SecretBase,gTileset_AraunaSecret06C1Blue,False,Arte Arauna presente; aprovação visual exige revisão,V1 instalada,1,15
SecretBase_BlueCave2,LAYOUT_SECRET_BASE_BLUE_CAVE2,15,7,MAP_TYPE_SECRET_BASE,gTileset_SecretBase,gTileset_AraunaSecret06C1Blue,False,Arte Arauna presente; aprovação visual exige revisão,V1 instalada,1,15
SecretBase_BlueCave3,LAYOUT_SECRET_BASE_BLUE_CAVE3,10,17,MAP_TYPE_SECRET_BASE,gTileset_SecretBase,gTileset_AraunaSecret06C1Blue,False,Arte Arauna presente; aprovação visual exige revisão,V1 instalada,1,15
SecretBase_BlueCave4,LAYOUT_SECRET_BASE_BLUE_CAVE4,9,17,MAP_TYPE_SECRET_BASE,gTileset_SecretBase,gTileset_AraunaSecret06C1Blue,False,Arte Arauna presente; aprovação visual exige revisão,V1 instalada,1,15
SecretBase_BrownCave1,LAYOUT_SECRET_BASE_BROWN_CAVE1,11,9,MAP_TYPE_SECRET_BASE,gTileset_SecretBase,gTileset_AraunaSecret06C1Brown,False,Arte Arauna presente; aprovação visual exige revisão,V1 instalada,1,15
SecretBase_BrownCave2,LAYOUT_SECRET_BASE_BROWN_CAVE2,14,9,MAP_TYPE_SECRET_BASE,gTileset_SecretBase,gTileset_AraunaSecret06C1Brown,False,Arte Arauna presente; aprovação visual exige revisão,V1 instalada,1,15
SecretBase_BrownCave3,LAYOUT_SECRET_BASE_BROWN_CAVE3,15,11,MAP_TYPE_SECRET_BASE,gTileset_SecretBase,gTileset_AraunaSecret06C1Brown,False,Arte Arauna presente; aprovação visual exige revisão,V1 instalada,1,15
SecretBase_BrownCave4,LAYOUT_SECRET_BASE_BROWN_CAVE4,14,12,MAP_TYPE_SECRET_BASE,gTileset_SecretBase,gTileset_AraunaSecret06C1Brown,False,Arte Arauna presente; aprovação visual exige revisão,V1 instalada,1,15
SecretBase_RedCave1,LAYOUT_SECRET_BASE_RED_CAVE1,11,9,MAP_TYPE_SECRET_BASE,gTileset_SecretBase,gTileset_AraunaSecret06C1Red,False,Arte Arauna presente; aprovação visual exige revisão,V1 instalada,1,15
SecretBase_RedCave2,LAYOUT_SECRET_BASE_RED_CAVE2,7,16,MAP_TYPE_SECRET_BASE,gTileset_SecretBase,gTileset_AraunaSecret06C1Red,False,Arte Arauna presente; aprovação visual exige revisão,V1 instalada,1,15
SecretBase_RedCave3,LAYOUT_SECRET_BASE_RED_CAVE3,15,8,MAP_TYPE_SECRET_BASE,gTileset_SecretBase,gTileset_AraunaSecret06C1Red,False,Arte Arauna presente; aprovação visual exige revisão,V1 instalada,1,15
SecretBase_RedCave4,LAYOUT_SECRET_BASE_RED_CAVE4,9,15,MAP_TYPE_SECRET_BASE,gTileset_SecretBase,gTileset_AraunaSecret06C1Red,False,Arte Arauna presente; aprovação visual exige revisão,V1 instalada,1,15
SecretBase_Shrub1,LAYOUT_SECRET_BASE_SHRUB1,11,9,MAP_TYPE_SECRET_BASE,gTileset_SecretBase,gTileset_AraunaSecret06C2Shrub,False,Arte Arauna presente; aprovação visual exige revisão,V1 instalada,1,15
SecretBase_Shrub2,LAYOUT_SECRET_BASE_SHRUB2,15,7,MAP_TYPE_SECRET_BASE,gTileset_SecretBase,gTileset_AraunaSecret06C2Shrub,False,Arte Arauna presente; aprovação visual exige revisão,V1 instalada,1,15
SecretBase_Shrub3,LAYOUT_SECRET_BASE_SHRUB3,13,11,MAP_TYPE_SECRET_BASE,gTileset_SecretBase,gTileset_AraunaSecret06C2Shrub,False,Arte Arauna presente; aprovação visual exige revisão,V1 instalada,1,15
SecretBase_Shrub4,LAYOUT_SECRET_BASE_SHRUB4,14,11,MAP_TYPE_SECRET_BASE,gTileset_SecretBase,gTileset_AraunaSecret06C2Shrub,False,Arte Arauna presente; aprovação visual exige revisão,V1 instalada,1,15
SecretBase_Tree1,LAYOUT_SECRET_BASE_TREE1,11,9,MAP_TYPE_SECRET_BASE,gTileset_SecretBase,gTileset_AraunaSecret06C2Tree,False,Arte Arauna presente; aprovação visual exige revisão,V1 instalada,1,15
SecretBase_Tree2,LAYOUT_SECRET_BASE_TREE2,7,16,MAP_TYPE_SECRET_BASE,gTileset_SecretBase,gTileset_AraunaSecret06C2Tree,False,Arte Arauna presente; aprovação visual exige revisão,V1 instalada,1,15
SecretBase_Tree3,LAYOUT_SECRET_BASE_TREE3,17,8,MAP_TYPE_SECRET_BASE,gTileset_SecretBase,gTileset_AraunaSecret06C2Tree,False,Arte Arauna presente; aprovação visual exige revisão,V1 instalada,1,15
SecretBase_Tree4,LAYOUT_SECRET_BASE_TREE4,14,14,MAP_TYPE_SECRET_BASE,gTileset_SecretBase,gTileset_AraunaSecret06C2Tree,False,Arte Arauna presente; aprovação visual exige revisão,V1 instalada,1,15
SecretBase_YellowCave1,LAYOUT_SECRET_BASE_YELLOW_CAVE1,11,9,MAP_TYPE_SECRET_BASE,gTileset_SecretBase,gTileset_AraunaSecret06C1Yellow,False,Arte Arauna presente; aprovação visual exige revisão,V1 instalada,1,15
SecretBase_YellowCave2,LAYOUT_SECRET_BASE_YELLOW_CAVE2,14,9,MAP_TYPE_SECRET_BASE,gTileset_SecretBase,gTileset_AraunaSecret06C1Yellow,False,Arte Arauna presente; aprovação visual exige revisão,V1 instalada,1,15
SecretBase_YellowCave3,LAYOUT_SECRET_BASE_YELLOW_CAVE3,12,11,MAP_TYPE_SECRET_BASE,gTileset_SecretBase,gTileset_AraunaSecret06C1Yellow,False,Arte Arauna presente; aprovação visual exige revisão,V1 instalada,1,15
SecretBase_YellowCave4,LAYOUT_SECRET_BASE_YELLOW_CAVE4,13,14,MAP_TYPE_SECRET_BASE,gTileset_SecretBase,gTileset_AraunaSecret06C1Yellow,False,Arte Arauna presente; aprovação visual exige revisão,V1 instalada,1,15
ShoalCave_HighTideEntranceRoom,LAYOUT_ARAUNA_MARE_HIGHTIDEENTRANCEROOM_V1,35,35,MAP_TYPE_UNDERGROUND,gTileset_AraunaMareAlta,gTileset_AraunaMareRochaAlta,False,Arte Arauna presente; aprovação visual exige revisão,V1 instalada,0,0
ShoalCave_HighTideInnerRoom,LAYOUT_ARAUNA_MARE_HIGHTIDEINNERROOM_V1,46,38,MAP_TYPE_UNDERGROUND,gTileset_AraunaMareAlta,gTileset_AraunaMareRochaAlta,False,Arte Arauna presente; aprovação visual exige revisão,V1 instalada,0,0
ShoalCave_LowTideEntranceRoom,LAYOUT_ARAUNA_MARE_LOWTIDEENTRANCEROOM_V1,35,35,MAP_TYPE_UNDERGROUND,gTileset_AraunaMareBaixa,gTileset_AraunaMareRochaBaixa,False,Arte Arauna presente; aprovação visual exige revisão,V1 instalada,4,2
ShoalCave_LowTideIceRoom,LAYOUT_ARAUNA_MARE_LOWTIDEICEROOM_V1,20,30,MAP_TYPE_UNDERGROUND,gTileset_AraunaMareAlta,gTileset_AraunaMareGelo,False,Arte Arauna presente; aprovação visual exige revisão,V1 instalada,1,2
ShoalCave_LowTideInnerRoom,LAYOUT_ARAUNA_MARE_LOWTIDEINNERROOM_V1,46,38,MAP_TYPE_UNDERGROUND,gTileset_AraunaMareBaixa,gTileset_AraunaMareRochaBaixa,False,Arte Arauna presente; aprovação visual exige revisão,V1 instalada,8,1
ShoalCave_LowTideLowerRoom,LAYOUT_ARAUNA_MARE_LOWTIDELOWERROOM_V1,31,14,MAP_TYPE_UNDERGROUND,gTileset_AraunaMareBaixa,gTileset_AraunaMareRochaBaixa,False,Arte Arauna presente; aprovação visual exige revisão,V1 instalada,4,2
ShoalCave_LowTideStairsRoom,LAYOUT_ARAUNA_MARE_LOWTIDESTAIRSROOM_V1,21,15,MAP_TYPE_UNDERGROUND,gTileset_AraunaMareBaixa,gTileset_AraunaMareRochaBaixa,False,Arte Arauna presente; aprovação visual exige revisão,V1 instalada,2,1
SkyPillar_1F,LAYOUT_ARAUNA_TORRE_1F_V1,14,14,MAP_TYPE_UNDERGROUND,gTileset_AraunaTorreMar,gTileset_AraunaTorrePisosBaixos,False,Arte Arauna presente; aprovação visual exige revisão,V1 instalada,3,0
SkyPillar_2F,LAYOUT_ARAUNA_TORRE_2F_V1,14,14,MAP_TYPE_UNDERGROUND,gTileset_AraunaTorreMar,gTileset_AraunaTorrePisosBaixos,False,Arte Arauna presente; aprovação visual exige revisão,V1 instalada,2,0
SkyPillar_3F,LAYOUT_ARAUNA_TORRE_3F_V1,14,14,MAP_TYPE_UNDERGROUND,gTileset_AraunaTorreMar,gTileset_AraunaTorrePisosBaixos,False,Arte Arauna presente; aprovação visual exige revisão,V1 instalada,3,0
SkyPillar_4F,LAYOUT_ARAUNA_TORRE_4F_V1,14,14,MAP_TYPE_UNDERGROUND,gTileset_AraunaTorreMar,gTileset_AraunaTorrePisosAltos,False,Arte Arauna presente; aprovação visual exige revisão,V1 instalada,3,0
SkyPillar_5F,LAYOUT_ARAUNA_TORRE_5F_V1,14,14,MAP_TYPE_UNDERGROUND,gTileset_AraunaTorreMar,gTileset_AraunaTorrePisosAltos,False,Arte Arauna presente; aprovação visual exige revisão,V1 instalada,2,0
SkyPillar_Entrance,LAYOUT_ARAUNA_TORRE_ENTRANCE_V1,18,18,MAP_TYPE_UNDERGROUND,gTileset_AraunaTorreMar,gTileset_AraunaTorreEntrada,False,Arte Arauna presente; aprovação visual exige revisão,V1 instalada,2,0
SkyPillar_Outside,LAYOUT_ARAUNA_TORRE_OUTSIDE_V1,28,23,MAP_TYPE_ROUTE,gTileset_AraunaTorreMar,gTileset_AraunaTorreCosta,False,Arte Arauna presente; aprovação visual exige revisão,V1 instalada,2,1
SkyPillar_Top,LAYOUT_ARAUNA_TORRE_TOP_V1,27,24,MAP_TYPE_ROUTE,gTileset_AraunaTorreMar,gTileset_AraunaTorreTopo,False,Arte Arauna presente; aprovação visual exige revisão,V1 instalada,1,2
SlateportCity,LAYOUT_SLATEPORT_CITY,52,40,MAP_TYPE_CITY,gTileset_AraunaBorderSlateportCityBaseUivoV1,gTileset_AraunaBorderSlateportCityArtUivoV1,False,Arte Arauna presente; aprovação visual exige revisão,V1 instalada,11,35
SlateportCity_BattleTentBattleRoom,LAYOUT_ARAUNA_PORTO_INTERIORS_BATTLETENTBATTLEROOM,10,9,MAP_TYPE_INDOOR,gTileset_Building,gTileset_AraunaPortoPavilhao,False,Arte Arauna presente; aprovação visual exige revisão,V1 instalada,0,3
SlateportCity_BattleTentCorridor,LAYOUT_ARAUNA_PORTO_INTERIORS_BATTLETENTCORRIDOR,5,8,MAP_TYPE_INDOOR,gTileset_Building,gTileset_AraunaPortoPavilhao,False,Arte Arauna presente; aprovação visual exige revisão,V1 instalada,0,1
SlateportCity_BattleTentLobby,LAYOUT_ARAUNA_PORTO_INTERIORS_BATTLETENTLOBBY,13,10,MAP_TYPE_INDOOR,gTileset_Building,gTileset_AraunaPortoPavilhao,False,Arte Arauna presente; aprovação visual exige revisão,V1 instalada,2,5
SlateportCity_Harbor,LAYOUT_ARAUNA_PORTO_INTERIORS_HARBOR,24,15,MAP_TYPE_INDOOR,gTileset_General,gTileset_AraunaPortoEstaleiro,False,Arte Arauna presente; aprovação visual exige revisão,V1 instalada,4,8
SlateportCity_House,LAYOUT_ARAUNA_PORTO_INTERIORS_HOUSE,11,8,MAP_TYPE_INDOOR,gTileset_Building,gTileset_AraunaPortoCasas,False,Arte Arauna presente; aprovação visual exige revisão,V1 instalada,2,2
SlateportCity_Mart,LAYOUT_ARAUNA_PORTO_INTERIORS_MART,11,8,MAP_TYPE_INDOOR,gTileset_Building,gTileset_AraunaPortoVenda,False,Arte Arauna presente; aprovação visual exige revisão,V1 instalada,2,3
SlateportCity_NameRatersHouse,LAYOUT_ARAUNA_PORTO_INTERIORS_NAMERATERSHOUSE,10,8,MAP_TYPE_INDOOR,gTileset_Building,gTileset_AraunaPortoCasas,False,Arte Arauna presente; aprovação visual exige revisão,V1 instalada,2,1
SlateportCity_OceanicMuseum_1F,LAYOUT_ARAUNA_PORTO_INTERIORS_OCEANICMUSEUM_1F,20,9,MAP_TYPE_INDOOR,gTileset_Building,gTileset_AraunaPortoMuseu,False,Arte Arauna presente; aprovação visual exige revisão,V1 instalada,3,14
SlateportCity_OceanicMuseum_2F,LAYOUT_ARAUNA_PORTO_INTERIORS_OCEANICMUSEUM_2F,20,9,MAP_TYPE_INDOOR,gTileset_Building,gTileset_AraunaPortoMuseu,False,Arte Arauna presente; aprovação visual exige revisão,V1 instalada,1,7
SlateportCity_PokemonCenter_1F,LAYOUT_ARAUNA_PORTO_INTERIORS_POKEMONCENTER_1F,14,9,MAP_TYPE_INDOOR,gTileset_Building,gTileset_AraunaPortoCentro,False,Arte Arauna presente; aprovação visual exige revisão,V1 instalada,3,3
SlateportCity_PokemonCenter_2F,LAYOUT_ARAUNA_PORTO_INTERIORS_POKEMONCENTER_2F,14,10,MAP_TYPE_INDOOR,gTileset_Building,gTileset_AraunaPortoCentro,False,Arte Arauna presente; aprovação visual exige revisão,V1 instalada,3,4
SlateportCity_PokemonFanClub,LAYOUT_ARAUNA_PORTO_INTERIORS_POKEMONFANCLUB,14,11,MAP_TYPE_INDOOR,gTileset_Building,gTileset_AraunaPortoClube,False,Arte Arauna presente; aprovação visual exige revisão,V1 instalada,2,9
SlateportCity_SternsShipyard_1F,LAYOUT_ARAUNA_PORTO_INTERIORS_STERNSSHIPYARD_1F,21,15,MAP_TYPE_INDOOR,gTileset_General,gTileset_AraunaPortoEstaleiro,False,Arte Arauna presente; aprovação visual exige revisão,V1 instalada,3,4
SlateportCity_SternsShipyard_2F,LAYOUT_ARAUNA_PORTO_INTERIORS_STERNSSHIPYARD_2F,17,15,MAP_TYPE_INDOOR,gTileset_General,gTileset_AraunaPortoEstaleiro,False,Arte Arauna presente; aprovação visual exige revisão,V1 instalada,1,3
SootopolisCity,LAYOUT_SOOTOPOLIS_CITY,48,50,MAP_TYPE_CITY,gTileset_General,gTileset_AraunaAguasMBoiV2,False,Arte Arauna presente; aprovação visual exige revisão,V1 instalada,13,18
SootopolisCity_Gym_1F,LAYOUT_SOOTOPOLIS_CITY_GYM_1F,17,26,MAP_TYPE_INDOOR,gTileset_Building,gTileset_AraunaAguasMboiSpecialV1,False,Arte Arauna presente; aprovação visual exige revisão,V1 instalada,3,2
SootopolisCity_Gym_B1F,LAYOUT_SOOTOPOLIS_CITY_GYM_B1F,17,26,MAP_TYPE_INDOOR,gTileset_Building,gTileset_AraunaAguasMboiSpecialV1,False,Arte Arauna presente; aprovação visual exige revisão,V1 instalada,1,10
SootopolisCity_House1,LAYOUT_ARAUNA_AGUAS_MBOI_INTERIORS_HOUSE1,12,11,MAP_TYPE_INDOOR,gTileset_Building,gTileset_AraunaAguasMboiInteriorsV1,False,Arte Arauna presente; aprovação visual exige revisão,V1 instalada,2,2
SootopolisCity_House2,LAYOUT_ARAUNA_AGUAS_MBOI_INTERIORS_HOUSE2,12,11,MAP_TYPE_INDOOR,gTileset_Building,gTileset_AraunaAguasMboiInteriorsV1,False,Arte Arauna presente; aprovação visual exige revisão,V1 instalada,2,1
SootopolisCity_House3,LAYOUT_ARAUNA_AGUAS_MBOI_INTERIORS_HOUSE3,12,11,MAP_TYPE_INDOOR,gTileset_Building,gTileset_AraunaAguasMboiInteriorsV1,False,Arte Arauna presente; aprovação visual exige revisão,V1 instalada,2,2
SootopolisCity_House4,LAYOUT_ARAUNA_AGUAS_MBOI_INTERIORS_HOUSE4,12,11,MAP_TYPE_INDOOR,gTileset_Building,gTileset_AraunaAguasMboiInteriorsV1,False,Arte Arauna presente; aprovação visual exige revisão,V1 instalada,2,3
SootopolisCity_House5,LAYOUT_ARAUNA_AGUAS_MBOI_INTERIORS_HOUSE5,12,11,MAP_TYPE_INDOOR,gTileset_Building,gTileset_AraunaAguasMboiInteriorsV1,False,Arte Arauna presente; aprovação visual exige revisão,V1 instalada,2,2
SootopolisCity_House6,LAYOUT_ARAUNA_AGUAS_MBOI_INTERIORS_HOUSE6,12,11,MAP_TYPE_INDOOR,gTileset_Building,gTileset_AraunaAguasMboiInteriorsV1,False,Arte Arauna presente; aprovação visual exige revisão,V1 instalada,2,1
SootopolisCity_House7,LAYOUT_ARAUNA_AGUAS_MBOI_INTERIORS_HOUSE7,12,11,MAP_TYPE_INDOOR,gTileset_Building,gTileset_AraunaAguasMboiInteriorsV1,False,Arte Arauna presente; aprovação visual exige revisão,V1 instalada,2,2
SootopolisCity_LotadAndSeedotHouse,LAYOUT_ARAUNA_AGUAS_MBOI_INTERIORS_LOTADANDSEEDOTHOUSE,12,11,MAP_TYPE_INDOOR,gTileset_Building,gTileset_AraunaAguasMboiInteriorsV1,False,Arte Arauna presente; aprovação visual exige revisão,V1 instalada,2,2
SootopolisCity_Mart,LAYOUT_ARAUNA_AGUAS_MBOI_INTERIORS_MART,12,11,MAP_TYPE_INDOOR,gTileset_Building,gTileset_AraunaAguasMboiInteriorsV1,False,Arte Arauna presente; aprovação visual exige revisão,V1 instalada,2,3
SootopolisCity_MysteryEventsHouse_1F,LAYOUT_SOOTOPOLIS_CITY_MYSTERY_EVENTS_HOUSE_1F,11,8,MAP_TYPE_INDOOR,gTileset_Building,gTileset_AraunaAguasMboiSpecialV1,False,Arte Arauna presente; aprovação visual exige revisão,V1 instalada,3,1
SootopolisCity_MysteryEventsHouse_B1F,LAYOUT_SOOTOPOLIS_CITY_MYSTERY_EVENTS_HOUSE_B1F,12,9,MAP_TYPE_INDOOR,gTileset_Building,gTileset_AraunaAguasMboiSpecialV1,False,Arte Arauna presente; aprovação visual exige revisão,V1 instalada,1,1
SootopolisCity_PokemonCenter_1F,LAYOUT_ARAUNA_AGUAS_MBOI_INTERIORS_POKEMONCENTER_1F,14,9,MAP_TYPE_INDOOR,gTileset_Building,gTileset_AraunaAguasMboiInteriorsV1,False,Arte Arauna presente; aprovação visual exige revisão,V1 instalada,3,4
SootopolisCity_PokemonCenter_2F,LAYOUT_ARAUNA_AGUAS_MBOI_INTERIORS_POKEMONCENTER_2F,14,10,MAP_TYPE_INDOOR,gTileset_Building,gTileset_AraunaAguasMboiInteriorsV1,False,Arte Arauna presente; aprovação visual exige revisão,V1 instalada,3,4
SouthernIsland_Exterior,LAYOUT_SOUTHERN_ISLAND_EXTERIOR,33,30,MAP_TYPE_ROUTE,gTileset_General,gTileset_Rustboro,False,Bancos nativos; sem alias de câmera,08D Ilhas especiais,2,2
SouthernIsland_Interior,LAYOUT_SOUTHERN_ISLAND_INTERIOR,27,24,MAP_TYPE_ROUTE,gTileset_General,gTileset_Rustboro,False,Bancos nativos; sem alias de câmera,08D Ilhas especiais,2,2
TerraCave_End,LAYOUT_TERRA_CAVE_END,27,30,MAP_TYPE_UNDERGROUND,gTileset_General,gTileset_AraunaTerraCave03A,True,Arte Arauna presente; aprovação visual exige revisão,V1 instalada,1,1
TerraCave_Entrance,LAYOUT_TERRA_CAVE_ENTRANCE,20,20,MAP_TYPE_UNDERGROUND,gTileset_General,gTileset_AraunaTerraCave03A,True,Arte Arauna presente; aprovação visual exige revisão,V1 instalada,2,0
TradeCenter,LAYOUT_TRADE_CENTER,12,9,MAP_TYPE_INDOOR,gTileset_Building,gTileset_CableClub,False,Bancos nativos; sem alias de câmera,08F Conexão,2,1
TrainerHill_1F,LAYOUT_TRAINER_HILL_1F,16,21,MAP_TYPE_INDOOR,gTileset_AraunaTrainerHill06APavilionBase,gTileset_AraunaTrainerHill06APavilionArt,False,Arte Arauna presente; aprovação visual exige revisão,V1 instalada,2,0
TrainerHill_2F,LAYOUT_TRAINER_HILL_2F,16,21,MAP_TYPE_INDOOR,gTileset_AraunaTrainerHill06APavilionBase,gTileset_AraunaTrainerHill06APavilionArt,False,Arte Arauna presente; aprovação visual exige revisão,V1 instalada,2,0
TrainerHill_3F,LAYOUT_TRAINER_HILL_3F,16,21,MAP_TYPE_INDOOR,gTileset_AraunaTrainerHill06APavilionBase,gTileset_AraunaTrainerHill06APavilionArt,False,Arte Arauna presente; aprovação visual exige revisão,V1 instalada,2,0
TrainerHill_4F,LAYOUT_TRAINER_HILL_4F,16,21,MAP_TYPE_INDOOR,gTileset_AraunaTrainerHill06APavilionBase,gTileset_AraunaTrainerHill06APavilionArt,False,Arte Arauna presente; aprovação visual exige revisão,V1 instalada,2,0
TrainerHill_Elevator,LAYOUT_ARAUNA_TRAINER_HILL_06A_ELEVATOR,5,7,MAP_TYPE_INDOOR,gTileset_AraunaTrainerHill06AElevatorBase,gTileset_AraunaTrainerHill06AElevatorArt,False,Arte Arauna presente; aprovação visual exige revisão,V1 instalada,2,1
TrainerHill_Entrance,LAYOUT_TRAINER_HILL_ENTRANCE,19,17,MAP_TYPE_INDOOR,gTileset_AraunaTrainerHill06APavilionBase,gTileset_AraunaTrainerHill06APavilionArt,False,Arte Arauna presente; aprovação visual exige revisão,V1 instalada,3,5
TrainerHill_Roof,LAYOUT_TRAINER_HILL_ROOF,25,16,MAP_TYPE_INDOOR,gTileset_AraunaTrainerHill06APavilionBase,gTileset_AraunaTrainerHill06APavilionArt,False,Arte Arauna presente; aprovação visual exige revisão,V1 instalada,2,1
Underwater_MarineCave,LAYOUT_UNDERWATER_MARINE_CAVE,20,10,MAP_TYPE_UNDERWATER,gTileset_General,gTileset_AraunaDive04Mare,True,Arte Arauna presente; aprovação visual exige revisão,V1 instalada,1,0
Underwater_Route105,LAYOUT_UNDERWATER_ROUTE105,40,80,MAP_TYPE_UNDERWATER,gTileset_General,gTileset_AraunaDive04Costa,True,Arte Arauna presente; aprovação visual exige revisão,V1 instalada,2,0
Underwater_Route124,LAYOUT_UNDERWATER_ROUTE124,80,80,MAP_TYPE_UNDERWATER,gTileset_General,gTileset_AraunaDive04Arquipelago,True,Arte Arauna presente; aprovação visual exige revisão,V1 instalada,0,0
Underwater_Route125,LAYOUT_UNDERWATER_ROUTE125,80,40,MAP_TYPE_UNDERWATER,gTileset_General,gTileset_AraunaDive04Mare,True,Arte Arauna presente; aprovação visual exige revisão,V1 instalada,2,0
Underwater_Route126,LAYOUT_UNDERWATER_ROUTE126,80,80,MAP_TYPE_UNDERWATER,gTileset_General,gTileset_AraunaDive04Arquipelago,True,Arte Arauna presente; aprovação visual exige revisão,V1 instalada,1,0
Underwater_Route127,LAYOUT_UNDERWATER_ROUTE127,80,80,MAP_TYPE_UNDERWATER,gTileset_General,gTileset_AraunaDive04Oceano,True,Arte Arauna presente; aprovação visual exige revisão,V1 instalada,2,0
Underwater_Route128,LAYOUT_UNDERWATER_ROUTE128,120,40,MAP_TYPE_UNDERWATER,gTileset_General,gTileset_AraunaDive04Oceano,True,Arte Arauna presente; aprovação visual exige revisão,V1 instalada,1,0
Underwater_Route129,LAYOUT_UNDERWATER_ROUTE129,80,40,MAP_TYPE_UNDERWATER,gTileset_General,gTileset_AraunaDive04Oceano,True,Arte Arauna presente; aprovação visual exige revisão,V1 instalada,2,0
Underwater_Route134,LAYOUT_UNDERWATER_ROUTE134,18,10,MAP_TYPE_UNDERWATER,gTileset_General,gTileset_AraunaDive04Arquivo,True,Arte Arauna presente; aprovação visual exige revisão,V1 instalada,1,0
Underwater_SeafloorCavern,LAYOUT_UNDERWATER_SEAFLOOR_CAVERN,14,9,MAP_TYPE_UNDERWATER,gTileset_General,gTileset_AraunaDive04Horizonte,True,Arte Arauna presente; aprovação visual exige revisão,V1 instalada,1,4
Underwater_SealedChamber,LAYOUT_UNDERWATER_SEALED_CHAMBER,22,48,MAP_TYPE_UNDERWATER,gTileset_General,gTileset_AraunaDive04Arquivo,True,Arte Arauna presente; aprovação visual exige revisão,V1 instalada,1,0
Underwater_SootopolisCity,LAYOUT_UNDERWATER_SOOTOPOLIS_CITY,20,10,MAP_TYPE_UNDERWATER,gTileset_General,gTileset_AraunaDive04Arquipelago,True,Arte Arauna presente; aprovação visual exige revisão,V1 instalada,2,0
UnionRoom,LAYOUT_UNION_ROOM,15,12,MAP_TYPE_INDOOR,gTileset_Building,gTileset_UnionRoom,False,Bancos nativos; sem alias de câmera,08F Conexão,2,9
UnusedContestHall1,LAYOUT_UNUSED_CONTEST_HALL1,1,1,MAP_TYPE_INDOOR,gTileset_Building,gTileset_Contest,False,Protótipo/inativo; fora da fila de arte,Sem prioridade,0,0
UnusedContestHall2,LAYOUT_UNUSED_CONTEST_HALL2,1,1,MAP_TYPE_INDOOR,gTileset_Building,gTileset_Contest,False,Protótipo/inativo; fora da fila de arte,Sem prioridade,0,0
UnusedContestHall3,LAYOUT_UNUSED_CONTEST_HALL3,1,1,MAP_TYPE_INDOOR,gTileset_Building,gTileset_Contest,False,Protótipo/inativo; fora da fila de arte,Sem prioridade,0,0
UnusedContestHall4,LAYOUT_UNUSED_CONTEST_HALL4,1,1,MAP_TYPE_INDOOR,gTileset_Building,gTileset_Contest,False,Protótipo/inativo; fora da fila de arte,Sem prioridade,0,0
UnusedContestHall5,LAYOUT_UNUSED_CONTEST_HALL5,1,1,MAP_TYPE_INDOOR,gTileset_Building,gTileset_Contest,False,Protótipo/inativo; fora da fila de arte,Sem prioridade,0,0
UnusedContestHall6,LAYOUT_UNUSED_CONTEST_HALL6,1,1,MAP_TYPE_INDOOR,gTileset_Building,gTileset_Contest,False,Protótipo/inativo; fora da fila de arte,Sem prioridade,0,0
VerdanturfTown,LAYOUT_VERDANTURF_TOWN,30,24,MAP_TYPE_TOWN,gTileset_AraunaBorderVerdanturfTownBaseUivoV1,gTileset_AraunaBorderVerdanturfTownArtUivoV1,False,Arte Arauna presente; aprovação visual exige revisão,V1 instalada,7,4
VerdanturfTown_BattleTentBattleRoom,LAYOUT_ARAUNA_VALE_INTERIORS_BATTLETENTBATTLEROOM,13,9,MAP_TYPE_INDOOR,gTileset_General,gTileset_AraunaValePavilhao,False,Arte Arauna presente; aprovação visual exige revisão,V1 instalada,0,3
VerdanturfTown_BattleTentCorridor,LAYOUT_ARAUNA_VALE_INTERIORS_BATTLETENTCORRIDOR,5,8,MAP_TYPE_INDOOR,gTileset_Building,gTileset_AraunaValePavilhao,False,Arte Arauna presente; aprovação visual exige revisão,V1 instalada,0,1
VerdanturfTown_BattleTentLobby,LAYOUT_ARAUNA_VALE_INTERIORS_BATTLETENTLOBBY,13,10,MAP_TYPE_INDOOR,gTileset_Building,gTileset_AraunaValePavilhao,False,Arte Arauna presente; aprovação visual exige revisão,V1 instalada,2,6
VerdanturfTown_FriendshipRatersHouse,LAYOUT_ARAUNA_VALE_INTERIORS_FRIENDSHIPRATERSHOUSE,12,11,MAP_TYPE_INDOOR,gTileset_Building,gTileset_AraunaValeInteriorsV1,False,Arte Arauna presente; aprovação visual exige revisão,V1 instalada,2,2
VerdanturfTown_House,LAYOUT_ARAUNA_VALE_INTERIORS_HOUSE,12,11,MAP_TYPE_INDOOR,gTileset_Building,gTileset_AraunaValeInteriorsV1,False,Arte Arauna presente; aprovação visual exige revisão,V1 instalada,2,2
VerdanturfTown_Mart,LAYOUT_ARAUNA_VALE_INTERIORS_MART,14,11,MAP_TYPE_INDOOR,gTileset_Building,gTileset_AraunaValeInteriorsV1,False,Arte Arauna presente; aprovação visual exige revisão,V1 instalada,2,4
VerdanturfTown_PokemonCenter_1F,LAYOUT_ARAUNA_VALE_INTERIORS_POKEMONCENTER_1F,14,9,MAP_TYPE_INDOOR,gTileset_Building,gTileset_AraunaValeInteriorsV1,False,Arte Arauna presente; aprovação visual exige revisão,V1 instalada,3,4
VerdanturfTown_PokemonCenter_2F,LAYOUT_ARAUNA_VALE_INTERIORS_POKEMONCENTER_2F,14,10,MAP_TYPE_INDOOR,gTileset_Building,gTileset_AraunaValeInteriorsV1,False,Arte Arauna presente; aprovação visual exige revisão,V1 instalada,3,4
VerdanturfTown_WandasHouse,LAYOUT_ARAUNA_VALE_INTERIORS_WANDASHOUSE,18,12,MAP_TYPE_INDOOR,gTileset_Building,gTileset_AraunaValeInteriorsV1,False,Arte Arauna presente; aprovação visual exige revisão,V1 instalada,2,5
VictoryRoad_1F,LAYOUT_VICTORY_ROAD_1F,46,45,MAP_TYPE_UNDERGROUND,gTileset_AraunaGrutasVictoryBaseV1,gTileset_AraunaGrutasVictoryRochaV1,True,Arte Arauna presente; aprovação visual exige revisão,V1 instalada,5,9
VictoryRoad_B1F,LAYOUT_VICTORY_ROAD_B1F,46,31,MAP_TYPE_UNDERGROUND,gTileset_AraunaGrutasVictoryBaseV1,gTileset_AraunaGrutasVictoryRochaV1,True,Arte Arauna presente; aprovação visual exige revisão,V1 instalada,7,21
VictoryRoad_B2F,LAYOUT_VICTORY_ROAD_B2F,46,31,MAP_TYPE_UNDERGROUND,gTileset_AraunaGrutasVictoryBaseV1,gTileset_AraunaGrutasVictoryRochaV1,True,Arte Arauna presente; aprovação visual exige revisão,V1 instalada,4,7
