dex,name,types,englishCategory,habitat,englishDex,hp,attack,defense,spAttack,spDefense,speed,sourceAbilities,evolution,sourceInspiration,artOrigin,referenceStatus,editableFolder,frontSprite,backSprite,icon,normalPalette,shinyPalette,productionProfile
1,Caramelo,fire,Stray,Arauna Outskirts,"A caramel-coated street pup. When it trusts a Trainer, its tail lights a small, steady flame that never burns a friendly hand.",55,58,45,55,50,62,Chama | Faro Fiel,#002 (Level 17),Cachorro caramelo brasileiro,hand-prepared-approved,available,001_caramelo,001_caramelo/anim_front.png,001_caramelo/back.png,001_caramelo/icon.png,001_caramelo/normal.pal,001_caramelo/shiny.pal,001_caramelo/candidate_profile.json
2,Caramelão,fire,Guardian,Arauna Outskirts,It guards open-air markets. The embers across its back move like fleas and bite only those who try to steal.,70,78,62,72,65,78,Chama | Intimidação,#003 (Level 36),Cachorro caramelo adulto,hand-prepared-approved,available,002_caramelao,002_caramelao/anim_front.png,002_caramelao/back.png,002_caramelao/icon.png,002_caramelao/normal.pal,002_caramelao/shiny.pal,002_caramelao/candidate_profile.json
3,Draguará,fire/dragon,Dragon-Dog,Arauna Highlands,Legends say every caramel dog that saves a life is reborn as Draguará. Its turquoise flames warm but never harm the innocent.,92,118,85,108,92,100,Chama | Escama Dracônica,,Cachorro caramelo + jaguar + dragão oriental,hand-prepared-approved,available,003_draguara,003_draguara/anim_front.png,003_draguara/back.png,003_draguara/icon.png,003_draguara/normal.pal,003_draguara/shiny.pal,003_draguara/candidate_profile.json
4,Querô,water,Sentinel,Arauna Pampas,"It never fully sleeps. One eye watches its nest, and its quero-quero cry can echo for miles when danger approaches.",50,52,55,60,58,65,Torrente | Alerta,#005 (Level 17),Quero-quero (Vanellus chilensis),hand-prepared-approved,available,004_quero,004_quero/anim_front.png,004_quero/back.png,004_quero/icon.png,004_quero/normal.pal,004_quero/shiny.pal,004_quero/candidate_profile.json
5,Queribela,water/bug,Watchman,Arauna Wetlands,"After its first molt, its feathers become iridescent dragonfly membranes. It hovers above water and hunts with exact precision.",66,70,66,78,72,82,Torrente | Olho Composto,#006 (Level 36),Quero-quero jovem + libélula,hand-prepared-approved,available,005_queribela,005_queribela/anim_front.png,005_queribela/back.png,005_queribela/icon.png,005_queribela/normal.pal,005_queribela/shiny.pal,005_queribela/candidate_profile.json
6,Terolibra,water/bug,Sentinel,Arauna Wetlands,Four dragonfly wings support its slender lapwing body. A single wingbeat can launch a stream strong enough to split a trunk.,82,95,88,118,95,117,Torrente | Enxame,,Quero-quero adulto + libélula gigante,hand-prepared-approved,available,006_terolibra,006_terolibra/anim_front.png,006_terolibra/back.png,006_terolibra/icon.png,006_terolibra/normal.pal,006_terolibra/shiny.pal,006_terolibra/candidate_profile.json
7,Pimpau,grass,Hammer-Beak,Arauna Cerrado,"Its soft beak drills bark for larvae. It trains by hammering dry stumps all day, then returns to its nest with a headache.",52,60,50,55,52,63,Espessura | Ritmo,#008 (Level 17),Pica-pau-do-campo (Colaptes campestris),hand-prepared-approved,available,007_pimpau,007_pimpau/anim_front.png,007_pimpau/back.png,007_pimpau/icon.png,007_pimpau/normal.pal,007_pimpau/shiny.pal,007_pimpau/candidate_profile.json
8,Bicopau,grass,Hammer-Beak,Arauna Cerrado,Its beak hardens like ironwood. It drums complex rhythms on trees that other Bicopau understand as messages.,68,82,65,70,65,82,Espessura | Determinação,#009 (Level 36),Pica-pau adulto,hand-prepared-approved,available,008_bicopau,008_bicopau/anim_front.png,008_bicopau/back.png,008_bicopau/icon.png,008_bicopau/normal.pal,008_bicopau/shiny.pal,008_bicopau/candidate_profile.json
9,Petropico,grass/rock,Sculptor,Arauna Plateaus,Its beak calcified into a granite wedge. It carves caves into stone cliffs with blows that ring like bells.,88,118,108,78,82,100,Espessura | Corpo Rochoso,,Pica-pau mítico com bico de granito,hand-prepared-approved,available,009_petropico,009_petropico/anim_front.png,009_petropico/back.png,009_petropico/icon.png,009_petropico/normal.pal,009_petropico/shiny.pal,009_petropico/candidate_profile.json
10,Formilim,bug,Anthill,Arauna Cerrado,"It is not a single ant, but an entire colony walking in the shape of a giant one. The colony scatters when threatened.",40,45,38,30,35,60,Enxame,#011 (Level 15),Saúva,reference-front-plus-reconstructed-back,available,010_formilim,010_formilim/anim_front.png,010_formilim/back.png,010_formilim/icon.png,010_formilim/normal.pal,010_formilim/shiny.pal,010_formilim/candidate_profile.json
11,Saúvarco,bug/ground,Queen,Arauna Cerrado,The queen of the leaf-cutter ants. It commands armies able to strip every leaf from a tree in one night.,78,92,85,60,70,88,Enxame | Escavador,,Rainha das saúvas,reference-front-plus-reconstructed-back,available,011_sauvarco,011_sauvarco/anim_front.png,011_sauvarco/back.png,011_sauvarco/icon.png,011_sauvarco/normal.pal,011_sauvarco/shiny.pal,011_sauvarco/candidate_profile.json
12,Capivim,water/normal,Lazy,Arauna Rivers,"It lives in riverside groups and lets any friendly POKéMON rest on its back, including tired Trainers.",90,55,70,40,65,40,Corpo Molhado | Placidez,,Capivara,reference-front-plus-reconstructed-back,available,012_capivim,012_capivim/anim_front.png,012_capivim/back.png,012_capivim/icon.png,012_capivim/normal.pal,012_capivim/shiny.pal,012_capivim/candidate_profile.json
13,Tucanhão,flying/grass,Fruit-Bearer,Arauna Atlantic Forest,"Its huge beak is hollow and light. It swallows fruit whole and spits seeds far away, planting forests on its own.",65,72,55,85,70,90,Vista Aguçada | Colheita,,Tucano-toco,reference-front-plus-reconstructed-back,available,013_tucanhao,013_tucanhao/anim_front.png,013_tucanhao/back.png,013_tucanhao/icon.png,013_tucanhao/normal.pal,013_tucanhao/shiny.pal,013_tucanhao/candidate_profile.json
14,Sagüim,normal,Prankster,Arauna Atlantic Forest,It steals anything that shines. Trainers quickly learn to keep their Gym Badges at the bottom of their bags.,45,40,40,55,50,78,Fura-mão | Corredor,#015 (Level 22),Sagui-de-tufo-branco,reference-front-plus-reconstructed-back,available,014_saguim,014_saguim/anim_front.png,014_saguim/back.png,014_saguim/icon.png,014_saguim/normal.pal,014_saguim/shiny.pal,014_saguim/candidate_profile.json
15,Micuiras,normal/psychic,Shaman,Arauna Atlantic Forest,The elder of the Sagüim troop. It reads the future in river reflections and can predict rain a week ahead.,68,55,60,105,92,88,Sincronia | Presságio,,Sagui ancião,reference-front-plus-reconstructed-back,available,015_micuiras,015_micuiras/anim_front.png,015_micuiras/back.png,015_micuiras/icon.png,015_micuiras/normal.pal,015_micuiras/shiny.pal,015_micuiras/candidate_profile.json
16,Boitatá,fire/ghost,Fire-Snake,Arauna Burned Fields,It appears after wildfires. Its body is a blue flame-serpent that hunts those who deliberately burn the forest.,70,88,55,118,78,105,Corpo Flamejante | Levitação,,Boitatá (folclore),reference-front-plus-reconstructed-back,available,016_boitata,016_boitata/anim_front.png,016_boitata/back.png,016_boitata/icon.png,016_boitata/normal.pal,016_boitata/shiny.pal,016_boitata/candidate_profile.json
17,Curupim,grass/fairy,Guardian,Arauna Atlantic Forest,Its feet point backward. The tracks it leaves confuse hunters and guide them deeper into the forest.,60,65,68,78,82,92,Véu Vegetal | Brincalhão,#018 (Level 34),Curupira (folclore),reference-front-plus-reconstructed-back,available,017_curupim,017_curupim/anim_front.png,017_curupim/back.png,017_curupim/icon.png,017_curupim/normal.pal,017_curupim/shiny.pal,017_curupim/candidate_profile.json
18,Curupira,grass/fairy,Guardian,Arauna Atlantic Forest,"The true lord of the forest. Wherever it steps, a century-old tree can rise in a single night.",85,92,90,108,110,118,Véu Vegetal | Alma Antiga,,Curupira adulto,reference-front-plus-reconstructed-back,available,018_curupira,018_curupira/anim_front.png,018_curupira/back.png,018_curupira/icon.png,018_curupira/normal.pal,018_curupira/shiny.pal,018_curupira/candidate_profile.json
19,Iaraço,water/fairy,Mermaid,Arauna Solimoes River,Its song enchants fishers. Those who follow it into the river are said to join its court forever.,88,62,80,118,118,82,Encanto | Corpo Molhado,,Iara (folclore),reference-front-plus-reconstructed-back,available,019_iaraco,019_iaraco/anim_front.png,019_iaraco/back.png,019_iaraco/icon.png,019_iaraco/normal.pal,019_iaraco/shiny.pal,019_iaraco/candidate_profile.json
20,Sacizinho,dark/flying,Prankster,Arauna Cerrado,It has only one leg and rides inside whirlwinds. It loves putting out campfires and teasing careless Trainers.,60,78,55,85,65,118,Vento Veloz | Travessura,,Saci-Pererê (folclore),reference-front-plus-reconstructed-back,available,020_sacizinho,020_sacizinho/anim_front.png,020_sacizinho/back.png,020_sacizinho/icon.png,020_sacizinho/normal.pal,020_sacizinho/shiny.pal,020_sacizinho/candidate_profile.json
21,Cactula,grass/poison,Cactus,Arauna Caatinga,"Cactula lives in Arauna Caatinga. This Grass/Poison POKéMON embodies a part of Brazil's nature, folklore, or culture.",62,68,82,70,65,35,Corpo Seco | Ponto Cego,,Mandacaru,reference-front-plus-reconstructed-back,available,021_cactula,021_cactula/anim_front.png,021_cactula/back.png,021_cactula/icon.png,021_cactula/normal.pal,021_cactula/shiny.pal,021_cactula/candidate_profile.json
22,Muriçoco,bug/poison,Stinger,Arauna Amazon,"Muriçoco, the Stinger POKéMON, inhabits Arauna Amazon. Its Bug/Poison nature reflects Brazil's wildlife and legends.",35,55,30,45,30,92,Enxame | Ponto Cego,,Muriçoca (mosquito amazônico),reference-front-plus-reconstructed-back,available,022_muricoco,022_muricoco/anim_front.png,022_muricoco/back.png,022_muricoco/icon.png,022_muricoco/normal.pal,022_muricoco/shiny.pal,022_muricoco/candidate_profile.json
23,Onçaléu,dark,Hunter,Arauna Pantanal,"Found in Arauna Pantanal, Onçaléu is known as the Hunter POKéMON. It carries a distinct Dark affinity.",82,118,78,60,78,108,Intimidação | Rasgo Rápido,,Onça-pintada,reference-front-plus-reconstructed-back,available,023_oncaleu,023_oncaleu/anim_front.png,023_oncaleu/back.png,023_oncaleu/icon.png,023_oncaleu/normal.pal,023_oncaleu/shiny.pal,023_oncaleu/candidate_profile.json
24,Tamanduá,ground/steel,Anteater,Arauna Cerrado,"Tamanduá lives in Arauna Cerrado. This Ground/Steel POKéMON embodies a part of Brazil's nature, folklore, or culture.",92,108,92,45,78,55,Escavador | Garra Dura,,Tamanduá-bandeira,reference-front-plus-reconstructed-back,available,024_tamandua,024_tamandua/anim_front.png,024_tamandua/back.png,024_tamandua/icon.png,024_tamandua/normal.pal,024_tamandua/shiny.pal,024_tamandua/candidate_profile.json
25,Botim,water,RiverDolphin,Arauna Amazon River,"Botim, the RiverDolphin POKéMON, inhabits Arauna Amazon River. Its Water nature reflects Brazil's wildlife and legends.",41,54,43,45,45,55,Torrente | Corpo Molhado,#026 (Level 22),Boto-cor-de-rosa filhote,reference-front-plus-reconstructed-back,available,025_botim,025_botim/anim_front.png,025_botim/back.png,025_botim/icon.png,025_botim/normal.pal,025_botim/shiny.pal,025_botim/candidate_profile.json
26,Botão,water/psychic,RiverDolphin,Arauna Amazon River,"Found in Arauna Amazon River, Botão is known as the RiverDolphin POKéMON. It carries a distinct Water/Psychic affinity.",65,72,65,65,65,72,Torrente | Corpo Molhado,#027 (Level 30),Boto adolescente,reference-front-plus-reconstructed-back,available,026_botao,026_botao/anim_front.png,026_botao/back.png,026_botao/icon.png,026_botao/normal.pal,026_botao/shiny.pal,026_botao/candidate_profile.json
27,Botogaláu,water/psychic,Enchanted,Arauna Amazon River,"Botogaláu lives in Arauna Amazon River. This Water/Psychic POKéMON embodies a part of Brazil's nature, folklore, or culture.",89,96,90,95,90,95,Torrente | Corpo Molhado,,Boto encantado,reference-front-plus-reconstructed-back,available,027_botogalau,027_botogalau/anim_front.png,027_botogalau/back.png,027_botogalau/icon.png,027_botogalau/normal.pal,027_botogalau/shiny.pal,027_botogalau/candidate_profile.json
28,Tatuim,ground,Rolling,Arauna Caatinga,"Tatuim, the Rolling POKéMON, inhabits Arauna Caatinga. Its Ground nature reflects Brazil's wildlife and legends.",42,53,43,45,45,55,Escavador | Nuvem de Areia,#029 (Level 36),Tatu-bola juvenil,reference-front-plus-reconstructed-back,available,028_tatuim,028_tatuim/anim_front.png,028_tatuim/back.png,028_tatuim/icon.png,028_tatuim/normal.pal,028_tatuim/shiny.pal,028_tatuim/candidate_profile.json
29,Tatubola,ground/steel,Fortress,Arauna Caatinga,"Found in Arauna Caatinga, Tatubola is known as the Fortress POKéMON. It carries a distinct Ground/Steel affinity.",66,71,65,65,65,72,Escavador | Nuvem de Areia,#030 (Level 40),Tatu-bola adulto,reference-front-plus-reconstructed-back,available,029_tatubola,029_tatubola/anim_front.png,029_tatubola/back.png,029_tatubola/icon.png,029_tatubola/normal.pal,029_tatubola/shiny.pal,029_tatubola/candidate_profile.json
30,Tatuçu,ground/steel,Burrower,Arauna Caatinga,"Tatuçu lives in Arauna Caatinga. This Ground/Steel POKéMON embodies a part of Brazil's nature, folklore, or culture.",90,95,90,95,90,95,Escavador | Nuvem de Areia,,Tatu-canastra gigante,reference-front-plus-reconstructed-back,available,030_tatucu,030_tatucu/anim_front.png,030_tatucu/back.png,030_tatucu/icon.png,030_tatucu/normal.pal,030_tatucu/shiny.pal,030_tatucu/candidate_profile.json
31,Ararinha,flying,Parrot,Arauna Pantanal,"Ararinha, the Parrot POKéMON, inhabits Arauna Pantanal. Its Flying nature reflects Brazil's wildlife and legends.",43,52,44,45,45,55,Vista Aguçada | Vento Veloz,#032 (Level 22),Filhote de arara-azul,reference-front-plus-reconstructed-back,available,031_ararinha,031_ararinha/anim_front.png,031_ararinha/back.png,031_ararinha/icon.png,031_ararinha/normal.pal,031_ararinha/shiny.pal,031_ararinha/candidate_profile.json
32,Arará,flying/fire,Scorched,Arauna Pantanal,"Found in Arauna Pantanal, Arará is known as the Scorched POKéMON. It carries a distinct Flying/Fire affinity.",67,70,66,65,65,72,Vista Aguçada | Vento Veloz,#033 (Level 30),Arara-vermelha,reference-front-plus-reconstructed-back,available,032_arara,032_arara/anim_front.png,032_arara/back.png,032_arara/icon.png,032_arara/normal.pal,032_arara/shiny.pal,032_arara/candidate_profile.json
33,Araracanga,flying/fire,Blazing,Arauna Pantanal,"Araracanga lives in Arauna Pantanal. This Flying/Fire POKéMON embodies a part of Brazil's nature, folklore, or culture.",80,105,85,95,90,95,Vista Aguçada | Vento Veloz,,Arara ancestral,reference-front-plus-reconstructed-back,available,033_araracanga,033_araracanga/anim_front.png,033_araracanga/back.png,033_araracanga/icon.png,033_araracanga/normal.pal,033_araracanga/shiny.pal,033_araracanga/candidate_profile.json
34,Jacarim,water,Reptile,Arauna Pantanal,"Jacarim, the Reptile POKéMON, inhabits Arauna Pantanal. Its Water nature reflects Brazil's wildlife and legends.",44,51,44,45,45,55,Torrente | Corpo Molhado,#035 (Level 36),Filhote de jacaré,reference-front-plus-reconstructed-back,available,034_jacarim,034_jacarim/anim_front.png,034_jacarim/back.png,034_jacarim/icon.png,034_jacarim/normal.pal,034_jacarim/shiny.pal,034_jacarim/candidate_profile.json
35,Jacarão,water/dark,Ambush,Arauna Pantanal,"Found in Arauna Pantanal, Jacarão is known as the Ambush POKéMON. It carries a distinct Water/Dark affinity.",68,69,66,65,65,72,Torrente | Corpo Molhado,#036 (Level 40),Jacaré-do-papo-amarelo,reference-front-plus-reconstructed-back,available,035_jacarao,035_jacarao/anim_front.png,035_jacarao/back.png,035_jacarao/icon.png,035_jacarao/normal.pal,035_jacarao/shiny.pal,035_jacarao/candidate_profile.json
36,Jacarodon,water/dragon,Ancestral,Arauna Pantanal,"Jacarodon lives in Arauna Pantanal. This Water/Dragon POKéMON embodies a part of Brazil's nature, folklore, or culture.",81,104,86,95,90,95,Torrente | Corpo Molhado,,Jacaré ancestral,reference-front-plus-reconstructed-back,available,036_jacarodon,036_jacarodon/anim_front.png,036_jacarodon/back.png,036_jacarodon/icon.png,036_jacarodon/normal.pal,036_jacarodon/shiny.pal,036_jacarodon/candidate_profile.json
37,Preguicim,grass,Slow,Arauna Atlantic Forest,"Preguicim, the Slow POKéMON, inhabits Arauna Atlantic Forest. Its Grass nature reflects Brazil's wildlife and legends.",45,50,45,45,45,55,Espessura | Colheita,#038 (Level 22),Preguiça-de-três-dedos,reference-front-plus-reconstructed-back,available,037_preguicim,037_preguicim/anim_front.png,037_preguicim/back.png,037_preguicim/icon.png,037_preguicim/normal.pal,037_preguicim/shiny.pal,037_preguicim/candidate_profile.json
38,Preguicão,grass/psychic,Dreamer,Arauna Atlantic Forest,"Found in Arauna Atlantic Forest, Preguicão is known as the Dreamer POKéMON. It carries a distinct Grass/Psychic affinity.",69,68,67,65,65,72,Espessura | Colheita,#039 (Level 30),Preguiça adulta,reference-front-plus-reconstructed-back,available,038_preguicao,038_preguicao/anim_front.png,038_preguicao/back.png,038_preguicao/icon.png,038_preguicao/normal.pal,038_preguicao/shiny.pal,038_preguicao/candidate_profile.json
39,Bicho-Preguiça,grass/psychic,Shaman,Arauna Atlantic Forest,"Bicho-Preguiça lives in Arauna Atlantic Forest. This Grass/Psychic POKéMON embodies a part of Brazil's nature, folklore, or culture.",82,103,86,95,90,95,Espessura | Colheita,,Preguiça-gigante ancestral,reference-front-plus-reconstructed-back,available,039_bicho-preguica,039_bicho-preguica/anim_front.png,039_bicho-preguica/back.png,039_bicho-preguica/icon.png,039_bicho-preguica/normal.pal,039_bicho-preguica/shiny.pal,039_bicho-preguica/candidate_profile.json
40,Papaguim,flying,Talker,Arauna Atlantic Forest,"Papaguim, the Talker POKéMON, inhabits Arauna Atlantic Forest. Its Flying nature reflects Brazil's wildlife and legends.",46,49,45,45,45,55,Vista Aguçada | Vento Veloz,#041 (Level 36),Papagaio filhote,reference-front-plus-reconstructed-back,available,040_papaguim,040_papaguim/anim_front.png,040_papaguim/back.png,040_papaguim/icon.png,040_papaguim/normal.pal,040_papaguim/shiny.pal,040_papaguim/candidate_profile.json
41,Papagaio,flying/psychic,Talker,Arauna Atlantic Forest,"Found in Arauna Atlantic Forest, Papagaio is known as the Talker POKéMON. It carries a distinct Flying/Psychic affinity.",70,67,67,65,65,72,Vista Aguçada | Vento Veloz,#042 (Level 40),Papagaio-verdadeiro,reference-front-plus-reconstructed-back,available,041_papagaio,041_papagaio/anim_front.png,041_papagaio/back.png,041_papagaio/icon.png,041_papagaio/normal.pal,041_papagaio/shiny.pal,041_papagaio/candidate_profile.json
42,Papagaião,flying/psychic,Advisor,Arauna Atlantic Forest,"Papagaião lives in Arauna Atlantic Forest. This Flying/Psychic POKéMON embodies a part of Brazil's nature, folklore, or culture.",83,102,87,95,90,95,Vista Aguçada | Vento Veloz,,Papagaio ancião,reference-front-plus-reconstructed-back,available,042_papagaiao,042_papagaiao/anim_front.png,042_papagaiao/back.png,042_papagaiao/icon.png,042_papagaiao/normal.pal,042_papagaiao/shiny.pal,042_papagaiao/candidate_profile.json
43,Antinha,normal,Chubby-Cheek,Arauna Amazon,"Antinha, the Chubby-Cheek POKéMON, inhabits Arauna Amazon. Its Normal nature reflects Brazil's wildlife and legends.",47,48,46,45,45,55,Faro | Placidez,#044 (Level 22),Anta filhote,reference-front-plus-reconstructed-back,available,043_antinha,043_antinha/anim_front.png,043_antinha/back.png,043_antinha/icon.png,043_antinha/normal.pal,043_antinha/shiny.pal,043_antinha/candidate_profile.json
44,Anta,normal/water,Swimmer,Arauna Amazon,"Found in Arauna Amazon, Anta is known as the Swimmer POKéMON. It carries a distinct Normal/Water affinity.",80,105,85,95,90,95,Faro | Placidez,,Anta adulta,reference-front-plus-reconstructed-back,available,044_anta,044_anta/anim_front.png,044_anta/back.png,044_anta/icon.png,044_anta/normal.pal,044_anta/shiny.pal,044_anta/candidate_profile.json
45,Antaraú,normal/water,Spirit,Arauna Amazon,"Antaraú lives in Arauna Amazon. This Normal/Water POKéMON embodies a part of Brazil's nature, folklore, or culture.",71,79,71,75,72,78,Faro | Placidez,,Anta lendária,reference-front-plus-reconstructed-back,available,045_antarau,045_antarau/anim_front.png,045_antarau/back.png,045_antarau/icon.png,045_antarau/normal.pal,045_antarau/shiny.pal,045_antarau/candidate_profile.json
46,Sucurim,water/poison,Serpent,Arauna Rivers,"Sucurim, the Serpent POKéMON, inhabits Arauna Rivers. Its Water/Poison nature reflects Brazil's wildlife and legends.",48,47,46,45,45,55,Torrente | Corpo Molhado,#047 (Level 36),Sucuri jovem,reference-front-plus-reconstructed-back,available,046_sucurim,046_sucurim/anim_front.png,046_sucurim/back.png,046_sucurim/icon.png,046_sucurim/normal.pal,046_sucurim/shiny.pal,046_sucurim/candidate_profile.json
47,Sucuri,water/poison,Constrictor,Arauna Rivers,"Found in Arauna Rivers, Sucuri is known as the Constrictor POKéMON. It carries a distinct Water/Poison affinity.",80,95,80,75,80,70,Muda | Faro,#048 (Level 55),Sucuri gigante,reference-front-plus-reconstructed-back,available,047_sucuri,047_sucuri/anim_front.png,047_sucuri/back.png,047_sucuri/icon.png,047_sucuri/normal.pal,047_sucuri/shiny.pal,047_sucuri/candidate_profile.json
48,Boiuna,water/dragon,Great-Snake,Arauna Amazon,"Boiuna lives in Arauna Amazon. This Water/Dragon POKéMON embodies a part of Brazil's nature, folklore, or culture.",95,130,100,100,95,80,Muda | Intimidação,,Cobra-Grande — pseudo-lendário de Arauana,reference-front-plus-reconstructed-back,available,048_boiuna,048_boiuna/anim_front.png,048_boiuna/back.png,048_boiuna/icon.png,048_boiuna/normal.pal,048_boiuna/shiny.pal,048_boiuna/candidate_profile.json
49,Borbolim,bug,Caterpillar,Arauna Atlantic Forest,"Borbolim, the Caterpillar POKéMON, inhabits Arauna Atlantic Forest. Its Bug nature reflects Brazil's wildlife and legends.",49,46,47,45,45,55,Enxame | Olho Composto,#050 (Level 22),Lagarta borboleta-azul,reference-front-plus-reconstructed-back,available,049_borbolim,049_borbolim/anim_front.png,049_borbolim/back.png,049_borbolim/icon.png,049_borbolim/normal.pal,049_borbolim/shiny.pal,049_borbolim/candidate_profile.json
50,Casulete,bug,Cocoon,Arauna Atlantic Forest,"Found in Arauna Atlantic Forest, Casulete is known as the Cocoon POKéMON. It carries a distinct Bug affinity.",42,53,43,45,45,55,Enxame | Olho Composto,#051 (Level 30),Casulo cintilante,reference-front-plus-reconstructed-back,available,050_casulete,050_casulete/anim_front.png,050_casulete/back.png,050_casulete/icon.png,050_casulete/normal.pal,050_casulete/shiny.pal,050_casulete/candidate_profile.json
51,Morphália,bug/fairy,Iridescent,Arauna Atlantic Forest,"Morphália lives in Arauna Atlantic Forest. This Bug/Fairy POKéMON embodies a part of Brazil's nature, folklore, or culture.",86,99,88,95,90,95,Enxame | Olho Composto,,Borboleta-azul gigante,reference-front-plus-reconstructed-back,available,051_morphalia,051_morphalia/anim_front.png,051_morphalia/back.png,051_morphalia/icon.png,051_morphalia/normal.pal,051_morphalia/shiny.pal,051_morphalia/candidate_profile.json
52,Guaracim,fire,Long-Legged,Arauna Cerrado,"Guaracim, the Long-Legged POKéMON, inhabits Arauna Cerrado. Its Fire nature reflects Brazil's wildlife and legends.",50,45,47,45,45,55,Chama | Corpo Flamejante,#053 (Level 36),Filhote de lobo-guará,reference-front-plus-reconstructed-back,available,052_guaracim,052_guaracim/anim_front.png,052_guaracim/back.png,052_guaracim/icon.png,052_guaracim/normal.pal,052_guaracim/shiny.pal,052_guaracim/candidate_profile.json
53,Guará,fire/normal,Cerrado,Arauna Cerrado,"Found in Arauna Cerrado, Guará is known as the Cerrado POKéMON. It carries a distinct Fire/Normal affinity.",83,102,87,95,90,95,Chama | Corpo Flamejante,,Lobo-guará adulto,reference-front-plus-reconstructed-back,available,053_guara,053_guara/anim_front.png,053_guara/back.png,053_guara/icon.png,053_guara/normal.pal,053_guara/shiny.pal,053_guara/candidate_profile.json
54,Guaraflama,fire/ghost,Spirit,Arauna Cerrado,"Guaraflama lives in Arauna Cerrado. This Fire/Ghost POKéMON embodies a part of Brazil's nature, folklore, or culture.",74,76,73,75,72,78,Chama | Corpo Flamejante,,Lobo-guará espectral,reference-front-plus-reconstructed-back,available,054_guaraflama,054_guaraflama/anim_front.png,054_guaraflama/back.png,054_guaraflama/icon.png,054_guaraflama/normal.pal,054_guaraflama/shiny.pal,054_guaraflama/candidate_profile.json
55,Peixim,water,Gentle,Arauna Amazon,"Peixim, the Gentle POKéMON, inhabits Arauna Amazon. Its Water nature reflects Brazil's wildlife and legends.",40,55,42,45,45,55,Torrente | Corpo Molhado,#056 (Level 22),Peixe-boi filhote,reference-front-plus-reconstructed-back,available,055_peixim,055_peixim/anim_front.png,055_peixim/back.png,055_peixim/icon.png,055_peixim/normal.pal,055_peixim/shiny.pal,055_peixim/candidate_profile.json
56,Peixeboi,water,Gentle,Arauna Amazon,"Found in Arauna Amazon, Peixeboi is known as the Gentle POKéMON. It carries a distinct Water affinity.",84,101,87,95,90,95,Torrente | Corpo Molhado,,Peixe-boi adulto,reference-front-plus-reconstructed-back,available,056_peixeboi,056_peixeboi/anim_front.png,056_peixeboi/back.png,056_peixeboi/icon.png,056_peixeboi/normal.pal,056_peixeboi/shiny.pal,056_peixeboi/candidate_profile.json
57,Mãe-d'Água,water/fairy,Guardian,Arauna Amazon,"Mãe-d'Água lives in Arauna Amazon. This Water/Fairy POKéMON embodies a part of Brazil's nature, folklore, or culture.",75,75,73,75,72,78,Torrente | Corpo Molhado,,Peixe-boi ancestral,reference-front-plus-reconstructed-back,available,057_mae-d-agua,057_mae-d-agua/anim_front.png,057_mae-d-agua/back.png,057_mae-d-agua/icon.png,057_mae-d-agua/normal.pal,057_mae-d-agua/shiny.pal,057_mae-d-agua/candidate_profile.json
58,Mandim,water,Whisker,Arauna Rivers,"Mandim, the Whisker POKéMON, inhabits Arauna Rivers. Its Water nature reflects Brazil's wildlife and legends.",41,54,43,45,45,55,Torrente | Corpo Molhado,#059 (Level 36),Bagre pequeno,reference-front-plus-reconstructed-back,available,058_mandim,058_mandim/anim_front.png,058_mandim/back.png,058_mandim/icon.png,058_mandim/normal.pal,058_mandim/shiny.pal,058_mandim/candidate_profile.json
59,Mandí,water/poison,Stinger,Arauna Rivers,"Found in Arauna Rivers, Mandí is known as the Stinger POKéMON. It carries a distinct Water/Poison affinity.",65,72,65,65,65,72,Torrente | Corpo Molhado,#060 (Level 40),Bagre adulto,reference-front-plus-reconstructed-back,available,059_mandi,059_mandi/anim_front.png,059_mandi/back.png,059_mandi/icon.png,059_mandi/normal.pal,059_mandi/shiny.pal,059_mandi/candidate_profile.json
60,Mandubé,water/dark,Devourer,Arauna Rivers,"Mandubé lives in Arauna Rivers. This Water/Dark POKéMON embodies a part of Brazil's nature, folklore, or culture.",89,96,90,95,90,95,Torrente | Corpo Molhado,,Bagre gigante,reference-front-plus-reconstructed-back,available,060_mandube,060_mandube/anim_front.png,060_mandube/back.png,060_mandube/icon.png,060_mandube/normal.pal,060_mandube/shiny.pal,060_mandube/candidate_profile.json
61,Preguim,normal,Prankster,Arauna Atlantic Forest,"Preguim, the Prankster POKéMON, inhabits Arauna Atlantic Forest. Its Normal nature reflects Brazil's wildlife and legends.",42,53,43,45,45,55,Faro | Placidez,#062 (Level 22),Macaco-prego novo,reference-front-plus-reconstructed-back,available,061_preguim,061_preguim/anim_front.png,061_preguim/back.png,061_preguim/icon.png,061_preguim/normal.pal,061_preguim/shiny.pal,061_preguim/candidate_profile.json
62,Prego,fighting/normal,Toolmaker,Arauna Atlantic Forest,"Found in Arauna Atlantic Forest, Prego is known as the Toolmaker POKéMON. It carries a distinct Fighting/Normal affinity.",66,71,65,65,65,72,Determinação | Coragem,#063 (Level 30),Macaco-prego adulto,reference-front-plus-reconstructed-back,available,062_prego,062_prego/anim_front.png,062_prego/back.png,062_prego/icon.png,062_prego/normal.pal,062_prego/shiny.pal,062_prego/candidate_profile.json
63,Pregarcanjo,fighting/psychic,Sage,Arauna Atlantic Forest,"Pregarcanjo lives in Arauna Atlantic Forest. This Fighting/Psychic POKéMON embodies a part of Brazil's nature, folklore, or culture.",90,95,90,95,90,95,Determinação | Coragem,,Macaco-prego ancião,reference-front-plus-reconstructed-back,available,063_pregarcanjo,063_pregarcanjo/anim_front.png,063_pregarcanjo/back.png,063_pregarcanjo/icon.png,063_pregarcanjo/normal.pal,063_pregarcanjo/shiny.pal,063_pregarcanjo/candidate_profile.json
64,Aranin,bug,Threads,Arauna Cerrado,"Aranin, the Threads POKéMON, inhabits Arauna Cerrado. Its Bug nature reflects Brazil's wildlife and legends.",43,52,44,45,45,55,Enxame | Olho Composto,#065 (Level 36),Aranha filhote,reference-front-plus-reconstructed-back,available,064_aranin,064_aranin/anim_front.png,064_aranin/back.png,064_aranin/icon.png,064_aranin/normal.pal,064_aranin/shiny.pal,064_aranin/candidate_profile.json
65,Caraninha,bug/poison,Hairy,Arauna Cerrado,"Found in Arauna Cerrado, Caraninha is known as the Hairy POKéMON. It carries a distinct Bug/Poison affinity.",67,70,66,65,65,72,Enxame | Olho Composto,#066 (Level 40),Caranguejeira jovem,reference-front-plus-reconstructed-back,available,065_caraninha,065_caraninha/anim_front.png,065_caraninha/back.png,065_caraninha/icon.png,065_caraninha/normal.pal,065_caraninha/shiny.pal,065_caraninha/candidate_profile.json
66,Caranga,bug/poison,Hairy,Arauna Cerrado,"Caranga lives in Arauna Cerrado. This Bug/Poison POKéMON embodies a part of Brazil's nature, folklore, or culture.",80,105,85,95,90,95,Enxame | Olho Composto,,Caranguejeira adulta,reference-front-plus-reconstructed-back,available,066_caranga,066_caranga/anim_front.png,066_caranga/back.png,066_caranga/icon.png,066_caranga/normal.pal,066_caranga/shiny.pal,066_caranga/candidate_profile.json
67,Gatim,normal,Mewing,Arauna Atlantic Forest,"Gatim, the Mewing POKéMON, inhabits Arauna Atlantic Forest. Its Normal nature reflects Brazil's wildlife and legends.",44,51,44,45,45,55,Faro | Placidez,#068 (Level 22),Gato-do-mato filhote,reference-front-plus-reconstructed-back,available,067_gatim,067_gatim/anim_front.png,067_gatim/back.png,067_gatim/icon.png,067_gatim/normal.pal,067_gatim/shiny.pal,067_gatim/candidate_profile.json
68,Gato-do-mato,normal/dark,Stealth,Arauna Atlantic Forest,"Found in Arauna Atlantic Forest, Gato-do-mato is known as the Stealth POKéMON. It carries a distinct Normal/Dark affinity.",88,97,89,95,90,95,Faro | Placidez,,Gato-do-mato adulto,reference-front-plus-reconstructed-back,available,068_gato-do-mato,068_gato-do-mato/anim_front.png,068_gato-do-mato/back.png,068_gato-do-mato/icon.png,068_gato-do-mato/normal.pal,068_gato-do-mato/shiny.pal,068_gato-do-mato/candidate_profile.json
69,Jaguatirica,dark/normal,Spotted,Arauna Atlantic Forest,"Jaguatirica lives in Arauna Atlantic Forest. This Dark/Normal POKéMON embodies a part of Brazil's nature, folklore, or culture.",68,82,70,75,72,78,Intimidação | Cara de Mau,,Jaguatirica,reference-front-plus-reconstructed-back,available,069_jaguatirica,069_jaguatirica/anim_front.png,069_jaguatirica/back.png,069_jaguatirica/icon.png,069_jaguatirica/normal.pal,069_jaguatirica/shiny.pal,069_jaguatirica/candidate_profile.json
70,Cutim,normal,Rodent,Arauna Atlantic Forest,"Cutim, the Rodent POKéMON, inhabits Arauna Atlantic Forest. Its Normal nature reflects Brazil's wildlife and legends.",45,50,45,45,45,55,Faro | Placidez,#071 (Level 36),Cutia filhote,reference-front-plus-reconstructed-back,available,070_cutim,070_cutim/anim_front.png,070_cutim/back.png,070_cutim/icon.png,070_cutim/normal.pal,070_cutim/shiny.pal,070_cutim/candidate_profile.json
71,Cutia,normal,Rodent,Arauna Atlantic Forest,"Found in Arauna Atlantic Forest, Cutia is known as the Rodent POKéMON. It carries a distinct Normal affinity.",89,96,90,95,90,95,Faro | Placidez,,Cutia adulta,reference-front-plus-reconstructed-back,available,071_cutia,071_cutia/anim_front.png,071_cutia/back.png,071_cutia/icon.png,071_cutia/normal.pal,071_cutia/shiny.pal,071_cutia/candidate_profile.json
72,Paca,normal/dark,Nocturnal,Arauna Atlantic Forest,"Paca lives in Arauna Atlantic Forest. This Normal/Dark POKéMON embodies a part of Brazil's nature, folklore, or culture.",69,81,70,75,72,78,Faro | Placidez,,Paca noturna,reference-front-plus-reconstructed-back,available,072_paca,072_paca/anim_front.png,072_paca/back.png,072_paca/icon.png,072_paca/normal.pal,072_paca/shiny.pal,072_paca/candidate_profile.json
73,Formigão,bug/fighting,Jaw,Arauna Amazon,"Formigão, the Jaw POKéMON, inhabits Arauna Amazon. Its Bug/Fighting nature reflects Brazil's wildlife and legends.",73,77,72,75,72,78,Enxame | Olho Composto,,Formiga-cabo-verde,reference-front-plus-reconstructed-back,available,073_formigao,073_formigao/anim_front.png,073_formigao/back.png,073_formigao/icon.png,073_formigao/normal.pal,073_formigao/shiny.pal,073_formigao/candidate_profile.json
74,Marimbondo,bug/poison,Stinger,Arauna Cerrado,"Found in Arauna Cerrado, Marimbondo is known as the Stinger POKéMON. It carries a distinct Bug/Poison affinity.",77,73,74,75,72,78,Enxame | Olho Composto,,Vespa social,reference-front-plus-reconstructed-back,available,074_marimbondo,074_marimbondo/anim_front.png,074_marimbondo/back.png,074_marimbondo/icon.png,074_marimbondo/normal.pal,074_marimbondo/shiny.pal,074_marimbondo/candidate_profile.json
75,Abelhinha,bug/flying,Honey,Arauna Cerrado,"Abelhinha lives in Arauna Cerrado. This Bug/Flying POKéMON embodies a part of Brazil's nature, folklore, or culture.",70,80,71,75,72,78,Enxame | Olho Composto,,Abelha-jataí,reference-front-plus-reconstructed-back,available,075_abelhinha,075_abelhinha/anim_front.png,075_abelhinha/back.png,075_abelhinha/icon.png,075_abelhinha/normal.pal,075_abelhinha/shiny.pal,075_abelhinha/candidate_profile.json
76,Quatim,normal,Long-Snout,Arauna Atlantic Forest,"Quatim, the Long-Snout POKéMON, inhabits Arauna Atlantic Forest. Its Normal nature reflects Brazil's wildlife and legends.",47,48,46,45,45,55,Faro | Placidez,#077 (Level 36),Quati filhote,reference-front-plus-reconstructed-back,available,076_quatim,076_quatim/anim_front.png,076_quatim/back.png,076_quatim/icon.png,076_quatim/normal.pal,076_quatim/shiny.pal,076_quatim/candidate_profile.json
77,Quati,normal/dark,Thief,Arauna Atlantic Forest,"Found in Arauna Atlantic Forest, Quati is known as the Thief POKéMON. It carries a distinct Normal/Dark affinity.",80,105,85,95,90,95,Faro | Placidez,,Quati adulto,reference-front-plus-reconstructed-back,available,077_quati,077_quati/anim_front.png,077_quati/back.png,077_quati/icon.png,077_quati/normal.pal,077_quati/shiny.pal,077_quati/candidate_profile.json
78,Coati,dark/ground,Cave,Arauna Caves,"Coati lives in Arauna Caves. This Dark/Ground POKéMON embodies a part of Brazil's nature, folklore, or culture.",71,79,71,75,72,78,Intimidação | Cara de Mau,,Quati das cavernas,reference-front-plus-reconstructed-back,available,078_coati,078_coati/anim_front.png,078_coati/back.png,078_coati/icon.png,078_coati/normal.pal,078_coati/shiny.pal,078_coati/candidate_profile.json
79,Gambá,poison/normal,Stench,Arauna Atlantic Forest,"Gambá, the Stench POKéMON, inhabits Arauna Atlantic Forest. Its Poison/Normal nature reflects Brazil's wildlife and legends.",48,47,46,45,45,55,Ponto Cego | Corpo Fedido,#080 (Level 22),Gambá cheiroso,reference-front-plus-reconstructed-back,available,079_gamba,079_gamba/anim_front.png,079_gamba/back.png,079_gamba/icon.png,079_gamba/normal.pal,079_gamba/shiny.pal,079_gamba/candidate_profile.json
80,Cangambá,poison/dark,Noxious,Arauna Cerrado,"Found in Arauna Cerrado, Cangambá is known as the Noxious POKéMON. It carries a distinct Poison/Dark affinity.",81,104,86,95,90,95,Ponto Cego | Corpo Fedido,,Cangambá listrado,reference-front-plus-reconstructed-back,available,080_cangamba,080_cangamba/anim_front.png,080_cangamba/back.png,080_cangamba/icon.png,080_cangamba/normal.pal,080_cangamba/shiny.pal,080_cangamba/candidate_profile.json
81,Sarué,poison/ghost,Trickster,Arauna Cerrado,"Sarué lives in Arauna Cerrado. This Poison/Ghost POKéMON embodies a part of Brazil's nature, folklore, or culture.",72,78,72,75,72,78,Ponto Cego | Corpo Fedido,,Gambá-de-orelha-preta,reference-front-plus-reconstructed-back,available,081_sarue,081_sarue/anim_front.png,081_sarue/back.png,081_sarue/icon.png,081_sarue/normal.pal,081_sarue/shiny.pal,081_sarue/candidate_profile.json
82,Tuquinho,flying,Big-Beak,Arauna Amazon,"Tuquinho, the Big-Beak POKéMON, inhabits Arauna Amazon. Its Flying nature reflects Brazil's wildlife and legends.",49,46,47,45,45,55,Vista Aguçada | Vento Veloz,#083 (Level 36),Tucano-pequeno,reference-front-plus-reconstructed-back,available,082_tuquinho,082_tuquinho/anim_front.png,082_tuquinho/back.png,082_tuquinho/icon.png,082_tuquinho/normal.pal,082_tuquinho/shiny.pal,082_tuquinho/candidate_profile.json
83,Aracari,flying/grass,Big-Beak,Arauna Amazon,"Found in Arauna Amazon, Aracari is known as the Big-Beak POKéMON. It carries a distinct Flying/Grass affinity.",82,103,86,95,90,95,Vista Aguçada | Vento Veloz,,Aracari-castanho,reference-front-plus-reconstructed-back,available,083_aracari,083_aracari/anim_front.png,083_aracari/back.png,083_aracari/icon.png,083_aracari/normal.pal,083_aracari/shiny.pal,083_aracari/candidate_profile.json
84,Curicaca,flying/normal,Raucous,Arauna Pantanal,"Curicaca lives in Arauna Pantanal. This Flying/Normal POKéMON embodies a part of Brazil's nature, folklore, or culture.",73,77,72,75,72,78,Vista Aguçada | Vento Veloz,,Ave gritalhona,reference-front-plus-reconstructed-back,available,084_curicaca,084_curicaca/anim_front.png,084_curicaca/back.png,084_curicaca/icon.png,084_curicaca/normal.pal,084_curicaca/shiny.pal,084_curicaca/candidate_profile.json
85,Sapim,water,Tadpole,Arauna Rivers,"Sapim, the Tadpole POKéMON, inhabits Arauna Rivers. Its Water nature reflects Brazil's wildlife and legends.",50,45,47,45,45,55,Torrente | Corpo Molhado,#086 (Level 22),Girino,reference-front-plus-reconstructed-back,available,085_sapim,085_sapim/anim_front.png,085_sapim/back.png,085_sapim/icon.png,085_sapim/normal.pal,085_sapim/shiny.pal,085_sapim/candidate_profile.json
86,Sapão,water/poison,Toad,Arauna Cerrado,"Found in Arauna Cerrado, Sapão is known as the Toad POKéMON. It carries a distinct Water/Poison affinity.",63,74,64,65,65,72,Torrente | Corpo Molhado,#087 (Level 30),Sapo-cururu,reference-front-plus-reconstructed-back,available,086_sapao,086_sapao/anim_front.png,086_sapao/back.png,086_sapao/icon.png,086_sapao/normal.pal,086_sapao/shiny.pal,086_sapao/candidate_profile.json
87,Cururu,poison/ground,Toad,Arauna Cerrado,"Cururu lives in Arauna Cerrado. This Poison/Ground POKéMON embodies a part of Brazil's nature, folklore, or culture.",87,98,89,95,90,95,Ponto Cego | Corpo Fedido,,Sapo-cururu gigante,reference-front-plus-reconstructed-back,available,087_cururu,087_cururu/anim_front.png,087_cururu/back.png,087_cururu/icon.png,087_cururu/normal.pal,087_cururu/shiny.pal,087_cururu/candidate_profile.json
88,Teiuzim,normal,Lizard,Arauna Cerrado,"Teiuzim, the Lizard POKéMON, inhabits Arauna Cerrado. Its Normal nature reflects Brazil's wildlife and legends.",40,55,42,45,45,55,Faro | Placidez,#089 (Level 36),Teiú novo,reference-front-plus-reconstructed-back,available,088_teiuzim,088_teiuzim/anim_front.png,088_teiuzim/back.png,088_teiuzim/icon.png,088_teiuzim/normal.pal,088_teiuzim/shiny.pal,088_teiuzim/candidate_profile.json
89,Teiú,normal/dark,Lizard,Arauna Cerrado,"Found in Arauna Cerrado, Teiú is known as the Lizard POKéMON. It carries a distinct Normal/Dark affinity.",84,101,87,95,90,95,Faro | Placidez,,Teiú adulto,reference-front-plus-reconstructed-back,available,089_teiu,089_teiu/anim_front.png,089_teiu/back.png,089_teiu/icon.png,089_teiu/normal.pal,089_teiu/shiny.pal,089_teiu/candidate_profile.json
90,Camaleão,normal/psychic,Chameleon,Arauna Amazon,"Camaleão lives in Arauna Amazon. This Normal/Psychic POKéMON embodies a part of Brazil's nature, folklore, or culture.",75,75,73,75,72,78,Faro | Placidez,,Camaleão brasileiro,reference-front-plus-reconstructed-back,available,090_camaleao,090_camaleao/anim_front.png,090_camaleao/back.png,090_camaleao/icon.png,090_camaleao/normal.pal,090_camaleao/shiny.pal,090_camaleao/candidate_profile.json
91,Morcim,flying,Nocturnal,Arauna Caves,"Morcim, the Nocturnal POKéMON, inhabits Arauna Caves. Its Flying nature reflects Brazil's wildlife and legends.",41,54,43,45,45,55,Vista Aguçada | Vento Veloz,#092 (Level 22),Morcego filhote,reference-front-plus-reconstructed-back,available,091_morcim,091_morcim/anim_front.png,091_morcim/back.png,091_morcim/icon.png,091_morcim/normal.pal,091_morcim/shiny.pal,091_morcim/candidate_profile.json
92,Morcego,flying/psychic,Echolocator,Arauna Caves,"Found in Arauna Caves, Morcego is known as the Echolocator POKéMON. It carries a distinct Flying/Psychic affinity.",65,72,65,65,65,72,Vista Aguçada | Vento Veloz,#093 (Level 30),Morcego adulto,reference-front-plus-reconstructed-back,available,092_morcego,092_morcego/anim_front.png,092_morcego/back.png,092_morcego/icon.png,092_morcego/normal.pal,092_morcego/shiny.pal,092_morcego/candidate_profile.json
93,Vampiro,flying/dark,Vampire,Arauna Caves,"Vampiro lives in Arauna Caves. This Flying/Dark POKéMON embodies a part of Brazil's nature, folklore, or culture.",89,96,90,95,90,95,Vista Aguçada | Vento Veloz,,Morcego-vampiro,reference-front-plus-reconstructed-back,available,093_vampiro,093_vampiro/anim_front.png,093_vampiro/back.png,093_vampiro/icon.png,093_vampiro/normal.pal,093_vampiro/shiny.pal,093_vampiro/candidate_profile.json
94,Piuiuim,flying,One-Legged,Arauna Pantanal,"Piuiuim, the One-Legged POKéMON, inhabits Arauna Pantanal. Its Flying nature reflects Brazil's wildlife and legends.",42,53,43,45,45,55,Vista Aguçada | Vento Veloz,#095 (Level 36),Ave-perneta filhote,reference-front-plus-reconstructed-back,available,094_piuiuim,094_piuiuim/anim_front.png,094_piuiuim/back.png,094_piuiuim/icon.png,094_piuiuim/normal.pal,094_piuiuim/shiny.pal,094_piuiuim/candidate_profile.json
95,Tuiuiú,flying/water,Spoonbill,Arauna Pantanal,"Found in Arauna Pantanal, Tuiuiú is known as the Spoonbill POKéMON. It carries a distinct Flying/Water affinity.",86,99,88,95,90,95,Vista Aguçada | Vento Veloz,,Tuiuiú adulto,reference-front-plus-reconstructed-back,available,095_tuiuiu,095_tuiuiu/anim_front.png,095_tuiuiu/back.png,095_tuiuiu/icon.png,095_tuiuiu/normal.pal,095_tuiuiu/shiny.pal,095_tuiuiu/candidate_profile.json
96,Colhereiro,flying/fairy,Spoonbill,Arauna Pantanal,"Colhereiro lives in Arauna Pantanal. This Flying/Fairy POKéMON embodies a part of Brazil's nature, folklore, or culture.",77,73,74,75,72,78,Vista Aguçada | Vento Veloz,,Colhereiro rosa,reference-front-plus-reconstructed-back,available,096_colhereiro,096_colhereiro/anim_front.png,096_colhereiro/back.png,096_colhereiro/icon.png,096_colhereiro/normal.pal,096_colhereiro/shiny.pal,096_colhereiro/candidate_profile.json
97,Mulinha,normal,Mount,Arauna Cerrado,"Mulinha, the Mount POKéMON, inhabits Arauna Cerrado. Its Normal nature reflects Brazil's wildlife and legends.",43,52,44,45,45,55,Faro | Placidez,#098 (Level 22),Mula filhote,reference-front-plus-reconstructed-back,available,097_mulinha,097_mulinha/anim_front.png,097_mulinha/back.png,097_mulinha/icon.png,097_mulinha/normal.pal,097_mulinha/shiny.pal,097_mulinha/candidate_profile.json
98,Mula,normal/fire,Runner,Arauna Cerrado,"Found in Arauna Cerrado, Mula is known as the Runner POKéMON. It carries a distinct Normal/Fire affinity.",67,70,66,65,65,72,Faro | Placidez,#099 (Level 30),Mula adulta,reference-front-plus-reconstructed-back,available,098_mula,098_mula/anim_front.png,098_mula/back.png,098_mula/icon.png,098_mula/normal.pal,098_mula/shiny.pal,098_mula/candidate_profile.json
99,Mula-sem-Cabeça,fire/ghost,Cursed,Arauna Cerrado,"Mula-sem-Cabeça lives in Arauna Cerrado. This Fire/Ghost POKéMON embodies a part of Brazil's nature, folklore, or culture.",80,105,85,95,90,95,Chama | Corpo Flamejante,,Espectro amaldiçoado,reference-front-plus-reconstructed-back,available,099_mula-sem-cabeca,099_mula-sem-cabeca/anim_front.png,099_mula-sem-cabeca/back.png,099_mula-sem-cabeca/icon.png,099_mula-sem-cabeca/normal.pal,099_mula-sem-cabeca/shiny.pal,099_mula-sem-cabeca/candidate_profile.json
100,Corcovado,rock/dragon,Mountain,Arauna Highlands,"Corcovado, the Mountain POKéMON, inhabits Arauna Highlands. Its Rock/Dragon nature reflects Brazil's wildlife and legends.",94,111,94,110,100,95,Corpo Rochoso | Poeira,,Espírito da montanha,reference-front-plus-reconstructed-back,available,100_corcovado,100_corcovado/anim_front.png,100_corcovado/back.png,100_corcovado/icon.png,100_corcovado/normal.pal,100_corcovado/shiny.pal,100_corcovado/candidate_profile.json
101,Cerválo,normal,Deer,Arauna Caatinga,"Found in Arauna Caatinga, Cerválo is known as the Deer POKéMON. It carries a distinct Normal affinity.",48,47,46,45,45,55,Faro | Placidez,#102 (Level 40),Veado-catingueiro filhote,reference-front-plus-reconstructed-back,available,101_cervalo,101_cervalo/anim_front.png,101_cervalo/back.png,101_cervalo/icon.png,101_cervalo/normal.pal,101_cervalo/shiny.pal,101_cervalo/candidate_profile.json
102,Catingueiro,normal/grass,Deer,Arauna Caatinga,"Catingueiro lives in Arauna Caatinga. This Normal/Grass POKéMON embodies a part of Brazil's nature, folklore, or culture.",81,104,86,95,90,95,Faro | Placidez,,Veado adulto,reference-front-plus-reconstructed-back,available,102_catingueiro,102_catingueiro/anim_front.png,102_catingueiro/back.png,102_catingueiro/icon.png,102_catingueiro/normal.pal,102_catingueiro/shiny.pal,102_catingueiro/candidate_profile.json
103,Suçuapara,normal/fighting,Deer,Arauna Atlantic Forest,"Suçuapara, the Deer POKéMON, inhabits Arauna Atlantic Forest. Its Normal/Fighting nature reflects Brazil's wildlife and legends.",72,78,72,75,72,78,Faro | Placidez,,Veado-mateiro gigante,reference-front-plus-reconstructed-back,available,103_sucuapara,103_sucuapara/anim_front.png,103_sucuapara/back.png,103_sucuapara/icon.png,103_sucuapara/normal.pal,103_sucuapara/shiny.pal,103_sucuapara/candidate_profile.json
104,Cabocim,water,Aquatic,Arauna Rivers,"Found in Arauna Rivers, Cabocim is known as the Aquatic POKéMON. It carries a distinct Water affinity.",49,46,47,45,45,55,Torrente | Corpo Molhado,#105 (Level 30),Caboclo d'água filhote,reference-front-plus-reconstructed-back,available,104_cabocim,104_cabocim/anim_front.png,104_cabocim/back.png,104_cabocim/icon.png,104_cabocim/normal.pal,104_cabocim/shiny.pal,104_cabocim/candidate_profile.json
105,Caboclo,water/fighting,Aquatic,Arauna Rivers,"Caboclo lives in Arauna Rivers. This Water/Fighting POKéMON embodies a part of Brazil's nature, folklore, or culture.",82,103,86,95,90,95,Torrente | Corpo Molhado,,Caboclo d'água,reference-front-plus-reconstructed-back,available,105_caboclo,105_caboclo/anim_front.png,105_caboclo/back.png,105_caboclo/icon.png,105_caboclo/normal.pal,105_caboclo/shiny.pal,105_caboclo/candidate_profile.json
106,Cangaço,dark/flying,Bandit,Arauna Caatinga,"Cangaço, the Bandit POKéMON, inhabits Arauna Caatinga. Its Dark/Flying nature reflects Brazil's wildlife and legends.",73,77,72,75,72,78,Intimidação | Cara de Mau,,Ave cangaceira,reference-front-plus-reconstructed-back,available,106_cangaco,106_cangaco/anim_front.png,106_cangaco/back.png,106_cangaco/icon.png,106_cangaco/normal.pal,106_cangaco/shiny.pal,106_cangaco/candidate_profile.json
107,Xangô,electric/fighting,Thunder,Arauna Highlands,"Found in Arauna Highlands, Xangô is known as the Thunder POKéMON. It carries a distinct Electric/Fighting affinity.",77,73,74,75,72,78,Estática | Motor Elétrico,,Espírito do trovão,reference-front-plus-reconstructed-back,available,107_xango,107_xango/anim_front.png,107_xango/back.png,107_xango/icon.png,107_xango/normal.pal,107_xango/shiny.pal,107_xango/candidate_profile.json
108,Iemanjá,water/fairy,Water-Mother,Arauna Coast,"Iemanjá lives in Arauna Coast. This Water/Fairy POKéMON embodies a part of Brazil's nature, folklore, or culture.",93,112,94,110,100,95,Torrente | Corpo Molhado,,Espírito do mar,reference-front-plus-reconstructed-back,available,108_iemanja,108_iemanja/anim_front.png,108_iemanja/back.png,108_iemanja/icon.png,108_iemanja/normal.pal,108_iemanja/shiny.pal,108_iemanja/candidate_profile.json
109,Oxum,water/fairy,Queen,Arauna Rivers,"Oxum, the Queen POKéMON, inhabits Arauna Rivers. Its Water/Fairy nature reflects Brazil's wildlife and legends.",97,108,96,110,100,95,Torrente | Corpo Molhado,,Espírito dos rios,reference-front-plus-reconstructed-back,available,109_oxum,109_oxum/anim_front.png,109_oxum/back.png,109_oxum/icon.png,109_oxum/normal.pal,109_oxum/shiny.pal,109_oxum/candidate_profile.json
110,Ogum,steel/fire,Warrior,Arauna Highlands,"Found in Arauna Highlands, Ogum is known as the Warrior POKéMON. It carries a distinct Steel/Fire affinity.",90,115,92,110,100,95,Corpo Metálico | Ponto Fraco,,Espírito da forja,reference-front-plus-reconstructed-back,available,110_ogum,110_ogum/anim_front.png,110_ogum/back.png,110_ogum/icon.png,110_ogum/normal.pal,110_ogum/shiny.pal,110_ogum/candidate_profile.json
111,Cavalim,normal,Runner,Arauna Pampas,"Cavalim lives in Arauna Pampas. This Normal POKéMON embodies a part of Brazil's nature, folklore, or culture.",44,51,44,45,45,55,Faro | Placidez,#112 (Level 34),Potro selvagem,reference-front-plus-reconstructed-back,available,111_cavalim,111_cavalim/anim_front.png,111_cavalim/back.png,111_cavalim/icon.png,111_cavalim/normal.pal,111_cavalim/shiny.pal,111_cavalim/candidate_profile.json
112,Cavalgado,normal/fighting,Runner,Arauna Pampas,"Cavalgado, the Runner POKéMON, inhabits Arauna Pampas. Its Normal/Fighting nature reflects Brazil's wildlife and legends.",88,97,89,95,90,95,Faro | Placidez,,Cavalo pampa,reference-front-plus-reconstructed-back,available,112_cavalgado,112_cavalgado/anim_front.png,112_cavalgado/back.png,112_cavalgado/icon.png,112_cavalgado/normal.pal,112_cavalgado/shiny.pal,112_cavalgado/candidate_profile.json
113,Zebuim,normal,Ox,Arauna Pampas,"Found in Arauna Pampas, Zebuim is known as the Ox POKéMON. It carries a distinct Normal affinity.",41,54,43,45,45,55,Faro | Placidez,#114 (Level 40),Boi zebu filhote,reference-front-plus-reconstructed-back,available,113_zebuim,113_zebuim/anim_front.png,113_zebuim/back.png,113_zebuim/icon.png,113_zebuim/normal.pal,113_zebuim/shiny.pal,113_zebuim/candidate_profile.json
114,Zebu,normal/fighting,Ox,Arauna Pampas,"Zebu lives in Arauna Pampas. This Normal/Fighting POKéMON embodies a part of Brazil's nature, folklore, or culture.",85,100,88,95,90,95,Faro | Placidez,,Boi zebu adulto,reference-front-plus-reconstructed-back,available,114_zebu,114_zebu/anim_front.png,114_zebu/back.png,114_zebu/icon.png,114_zebu/normal.pal,114_zebu/shiny.pal,114_zebu/candidate_profile.json
115,Ovelhinha,normal/fairy,Wool,Arauna Pampas,"Ovelhinha, the Wool POKéMON, inhabits Arauna Pampas. Its Normal/Fairy nature reflects Brazil's wildlife and legends.",76,74,74,75,72,78,Faro | Placidez,,Ovelha crioula,reference-front-plus-reconstructed-back,available,115_ovelhinha,115_ovelhinha/anim_front.png,115_ovelhinha/back.png,115_ovelhinha/icon.png,115_ovelhinha/normal.pal,115_ovelhinha/shiny.pal,115_ovelhinha/candidate_profile.json
116,Cabrita,normal/rock,Goat,Arauna Caatinga,"Found in Arauna Caatinga, Cabrita is known as the Goat POKéMON. It carries a distinct Normal/Rock affinity.",69,81,70,75,72,78,Faro | Placidez,,Cabra-do-sertão,reference-front-plus-reconstructed-back,available,116_cabrita,116_cabrita/anim_front.png,116_cabrita/back.png,116_cabrita/icon.png,116_cabrita/normal.pal,116_cabrita/shiny.pal,116_cabrita/candidate_profile.json
117,Chocalhão,poison,Rattle,Arauna Caatinga,"Chocalhão lives in Arauna Caatinga. This Poison POKéMON embodies a part of Brazil's nature, folklore, or culture.",46,49,45,45,45,55,Ponto Cego | Corpo Fedido,#118 (Level 34),Cascavel filhote,reference-front-plus-reconstructed-back,available,117_chocalhao,117_chocalhao/anim_front.png,117_chocalhao/back.png,117_chocalhao/icon.png,117_chocalhao/normal.pal,117_chocalhao/shiny.pal,117_chocalhao/candidate_profile.json
118,Cascavelim,poison,Rattle,Arauna Caatinga,"Cascavelim, the Rattle POKéMON, inhabits Arauna Caatinga. Its Poison nature reflects Brazil's wildlife and legends.",70,67,67,65,65,72,Ponto Cego | Corpo Fedido,#119 (Level 36),Cascavel juvenil,reference-front-plus-reconstructed-back,available,118_cascavelim,118_cascavelim/anim_front.png,118_cascavelim/back.png,118_cascavelim/icon.png,118_cascavelim/normal.pal,118_cascavelim/shiny.pal,118_cascavelim/candidate_profile.json
119,Cascavão,poison/dark,Rattle,Arauna Caatinga,"Found in Arauna Caatinga, Cascavão is known as the Rattle POKéMON. It carries a distinct Poison/Dark affinity.",83,102,87,95,90,95,Ponto Cego | Corpo Fedido,,Cascavel adulta,reference-front-plus-reconstructed-back,available,119_cascavao,119_cascavao/anim_front.png,119_cascavao/back.png,119_cascavao/icon.png,119_cascavao/normal.pal,119_cascavao/shiny.pal,119_cascavao/candidate_profile.json
120,Jararaca,poison/grass,Ambush,Arauna Atlantic Forest,"Jararaca lives in Arauna Atlantic Forest. This Poison/Grass POKéMON embodies a part of Brazil's nature, folklore, or culture.",74,76,73,75,72,78,Ponto Cego | Corpo Fedido,,Jararaca-ilhoa,reference-front-plus-reconstructed-back,available,120_jararaca,120_jararaca/anim_front.png,120_jararaca/back.png,120_jararaca/icon.png,120_jararaca/normal.pal,120_jararaca/shiny.pal,120_jararaca/candidate_profile.json
121,Pirarim,water,Giant,Arauna Amazon,"Pirarim, the Giant POKéMON, inhabits Arauna Amazon. Its Water nature reflects Brazil's wildlife and legends.",40,55,42,45,45,55,Torrente | Corpo Molhado,#122 (Level 22),Pirarucu filhote,reference-front-plus-reconstructed-back,available,121_pirarim,121_pirarim/anim_front.png,121_pirarim/back.png,121_pirarim/icon.png,121_pirarim/normal.pal,121_pirarim/shiny.pal,121_pirarim/candidate_profile.json
122,Pirarucu,water/dragon,Giant,Arauna Amazon,"Found in Arauna Amazon, Pirarucu is known as the Giant POKéMON. It carries a distinct Water/Dragon affinity.",84,101,87,95,90,95,Torrente | Corpo Molhado,,Pirarucu adulto,reference-front-plus-reconstructed-back,available,122_pirarucu,122_pirarucu/anim_front.png,122_pirarucu/back.png,122_pirarucu/icon.png,122_pirarucu/normal.pal,122_pirarucu/shiny.pal,122_pirarucu/candidate_profile.json
123,Piranha,water/dark,Devourer,Arauna Rivers,"Piranha lives in Arauna Rivers. This Water/Dark POKéMON embodies a part of Brazil's nature, folklore, or culture.",75,75,73,75,72,78,Torrente | Corpo Molhado,,Piranha vermelha,reference-front-plus-reconstructed-back,available,123_piranha,123_piranha/anim_front.png,123_piranha/back.png,123_piranha/icon.png,123_piranha/normal.pal,123_piranha/shiny.pal,123_piranha/candidate_profile.json
124,Tambaqui,water/normal,Fruit-Eater,Arauna Amazon,"Tambaqui, the Fruit-Eater POKéMON, inhabits Arauna Amazon. Its Water/Normal nature reflects Brazil's wildlife and legends.",68,82,70,75,72,78,Torrente | Corpo Molhado,,Peixe redondo,reference-front-plus-reconstructed-back,available,124_tambaqui,124_tambaqui/anim_front.png,124_tambaqui/back.png,124_tambaqui/icon.png,124_tambaqui/normal.pal,124_tambaqui/shiny.pal,124_tambaqui/candidate_profile.json
125,Aruanã,water/flying,Jumper,Arauna Amazon,"Found in Arauna Amazon, Aruanã is known as the Jumper POKéMON. It carries a distinct Water/Flying affinity.",72,78,72,75,72,78,Torrente | Corpo Molhado,,Peixe-macaco,reference-front-plus-reconstructed-back,available,125_aruana,125_aruana/anim_front.png,125_aruana/back.png,125_aruana/icon.png,125_aruana/normal.pal,125_aruana/shiny.pal,125_aruana/candidate_profile.json
126,Poraquê,electric/water,Shock,Arauna Amazon,"Poraquê lives in Arauna Amazon. This Electric/Water POKéMON embodies a part of Brazil's nature, folklore, or culture.",76,74,74,75,72,78,Estática | Motor Elétrico,,Peixe-elétrico,reference-front-plus-reconstructed-back,available,126_poraque,126_poraque/anim_front.png,126_poraque/back.png,126_poraque/icon.png,126_poraque/normal.pal,126_poraque/shiny.pal,126_poraque/candidate_profile.json
127,Curimbatá,water/ground,Schooling,Arauna Rivers,"Curimbatá, the Schooling POKéMON, inhabits Arauna Rivers. Its Water/Ground nature reflects Brazil's wildlife and legends.",69,81,70,75,72,78,Torrente | Corpo Molhado,,Peixe-de-fundo,reference-front-plus-reconstructed-back,available,127_curimbata,127_curimbata/anim_front.png,127_curimbata/back.png,127_curimbata/icon.png,127_curimbata/normal.pal,127_curimbata/shiny.pal,127_curimbata/candidate_profile.json
128,Traíra,water/dark,Ambush,Arauna Rivers,"Found in Arauna Rivers, Traíra is known as the Ambush POKéMON. It carries a distinct Water/Dark affinity.",73,77,72,75,72,78,Torrente | Corpo Molhado,,Peixe-traíra,reference-front-plus-reconstructed-back,available,128_traira,128_traira/anim_front.png,128_traira/back.png,128_traira/icon.png,128_traira/normal.pal,128_traira/shiny.pal,128_traira/candidate_profile.json
129,Dourado,water/fighting,Fighter,Arauna Rivers,"Dourado lives in Arauna Rivers. This Water/Fighting POKéMON embodies a part of Brazil's nature, folklore, or culture.",77,73,74,75,72,78,Torrente | Corpo Molhado,,Peixe dourado,reference-front-plus-reconstructed-back,available,129_dourado,129_dourado/anim_front.png,129_dourado/back.png,129_dourado/icon.png,129_dourado/normal.pal,129_dourado/shiny.pal,129_dourado/candidate_profile.json
130,Tucunaré,water/dark,Territorial,Arauna Amazon,"Tucunaré, the Territorial POKéMON, inhabits Arauna Amazon. Its Water/Dark nature reflects Brazil's wildlife and legends.",70,80,71,75,72,78,Torrente | Corpo Molhado,,Peixe-tucunaré,reference-front-plus-reconstructed-back,available,130_tucunare,130_tucunare/anim_front.png,130_tucunare/back.png,130_tucunare/icon.png,130_tucunare/normal.pal,130_tucunare/shiny.pal,130_tucunare/candidate_profile.json
131,Pacu,water/grass,Fruit-Eater,Arauna Amazon,"Found in Arauna Amazon, Pacu is known as the Fruit-Eater POKéMON. It carries a distinct Water/Grass affinity.",74,76,73,75,72,78,Torrente | Corpo Molhado,,Peixe-pacu,reference-front-plus-reconstructed-back,available,131_pacu,131_pacu/anim_front.png,131_pacu/back.png,131_pacu/icon.png,131_pacu/normal.pal,131_pacu/shiny.pal,131_pacu/candidate_profile.json
132,Matrinxã,water/normal,Schooling,Arauna Rivers,"Matrinxã lives in Arauna Rivers. This Water/Normal POKéMON embodies a part of Brazil's nature, folklore, or culture.",67,83,69,75,72,78,Torrente | Corpo Molhado,,Peixe-matrinxã,reference-front-plus-reconstructed-back,available,132_matrinxa,132_matrinxa/anim_front.png,132_matrinxa/back.png,132_matrinxa/icon.png,132_matrinxa/normal.pal,132_matrinxa/shiny.pal,132_matrinxa/candidate_profile.json
133,Piau,water/normal,Schooling,Arauna Rivers,"Piau, the Schooling POKéMON, inhabits Arauna Rivers. Its Water/Normal nature reflects Brazil's wildlife and legends.",71,79,71,75,72,78,Torrente | Corpo Molhado,,Peixe-piau,reference-front-plus-reconstructed-back,available,133_piau,133_piau/anim_front.png,133_piau/back.png,133_piau/icon.png,133_piau/normal.pal,133_piau/shiny.pal,133_piau/candidate_profile.json
134,Cascudo,water/rock,Armor-Plate,Arauna Rivers,"Found in Arauna Rivers, Cascudo is known as the Armor-Plate POKéMON. It carries a distinct Water/Rock affinity.",75,75,73,75,72,78,Torrente | Corpo Molhado,,Peixe-cascudo,reference-front-plus-reconstructed-back,available,134_cascudo,134_cascudo/anim_front.png,134_cascudo/back.png,134_cascudo/icon.png,134_cascudo/normal.pal,134_cascudo/shiny.pal,134_cascudo/candidate_profile.json
135,Acará,water/psychic,Disc,Arauna Amazon,"Acará lives in Arauna Amazon. This Water/Psychic POKéMON embodies a part of Brazil's nature, folklore, or culture.",68,82,70,75,72,78,Torrente | Corpo Molhado,,Acará-disco,reference-front-plus-reconstructed-back,available,135_acara,135_acara/anim_front.png,135_acara/back.png,135_acara/icon.png,135_acara/normal.pal,135_acara/shiny.pal,135_acara/candidate_profile.json
136,Vagalumim,bug/electric,Lantern,Arauna Atlantic Forest,"Vagalumim, the Lantern POKéMON, inhabits Arauna Atlantic Forest. Its Bug/Electric nature reflects Brazil's wildlife and legends.",45,50,45,45,45,55,Enxame | Olho Composto,#137 (Level 36),Vaga-lume filhote,reference-front-plus-reconstructed-back,available,136_vagalumim,136_vagalumim/anim_front.png,136_vagalumim/back.png,136_vagalumim/icon.png,136_vagalumim/normal.pal,136_vagalumim/shiny.pal,136_vagalumim/candidate_profile.json
137,Vagalume,bug/electric,Lantern,Arauna Atlantic Forest,"Found in Arauna Atlantic Forest, Vagalume is known as the Lantern POKéMON. It carries a distinct Bug/Electric affinity.",89,96,90,95,90,95,Enxame | Olho Composto,,Vaga-lume adulto,reference-front-plus-reconstructed-back,available,137_vagalume,137_vagalume/anim_front.png,137_vagalume/back.png,137_vagalume/icon.png,137_vagalume/normal.pal,137_vagalume/shiny.pal,137_vagalume/candidate_profile.json
138,Cigarrinho,bug,Singer,Arauna Atlantic Forest,"Cigarrinho lives in Arauna Atlantic Forest. This Bug POKéMON embodies a part of Brazil's nature, folklore, or culture.",42,53,43,45,45,55,Enxame | Olho Composto,#139 (Level 16),Cigarra filhote,reference-front-plus-reconstructed-back,available,138_cigarrinho,138_cigarrinho/anim_front.png,138_cigarrinho/back.png,138_cigarrinho/icon.png,138_cigarrinho/normal.pal,138_cigarrinho/shiny.pal,138_cigarrinho/candidate_profile.json
139,Cigarrão,bug/flying,Singer,Arauna Atlantic Forest,"Cigarrão, the Singer POKéMON, inhabits Arauna Atlantic Forest. Its Bug/Flying nature reflects Brazil's wildlife and legends.",86,99,88,95,90,95,Enxame | Olho Composto,,Cigarra adulta,reference-front-plus-reconstructed-back,available,139_cigarrao,139_cigarrao/anim_front.png,139_cigarrao/back.png,139_cigarrao/icon.png,139_cigarrao/normal.pal,139_cigarrao/shiny.pal,139_cigarrao/candidate_profile.json
140,Louvadinha,bug,Scythe,Arauna Cerrado,"Found in Arauna Cerrado, Louvadinha is known as the Scythe POKéMON. It carries a distinct Bug affinity.",50,45,47,45,45,55,Enxame | Olho Composto,#141 (Level 30),Louva-a-deus filhote,reference-front-plus-reconstructed-back,available,140_louvadinha,140_louvadinha/anim_front.png,140_louvadinha/back.png,140_louvadinha/icon.png,140_louvadinha/normal.pal,140_louvadinha/shiny.pal,140_louvadinha/candidate_profile.json
141,Louvadeus,bug/psychic,Scythe,Arauna Cerrado,"Louvadeus lives in Arauna Cerrado. This Bug/Psychic POKéMON embodies a part of Brazil's nature, folklore, or culture.",83,102,87,95,90,95,Enxame | Olho Composto,,Louva-a-deus adulto,reference-front-plus-reconstructed-back,available,141_louvadeus,141_louvadeus/anim_front.png,141_louvadeus/back.png,141_louvadeus/icon.png,141_louvadeus/normal.pal,141_louvadeus/shiny.pal,141_louvadeus/candidate_profile.json
142,Escorpim,poison,Stinger,Arauna Caatinga,"Escorpim, the Stinger POKéMON, inhabits Arauna Caatinga. Its Poison nature reflects Brazil's wildlife and legends.",47,48,46,45,45,55,Ponto Cego | Corpo Fedido,#143 (Level 36),Escorpião jovem,reference-front-plus-reconstructed-back,available,142_escorpim,142_escorpim/anim_front.png,142_escorpim/back.png,142_escorpim/icon.png,142_escorpim/normal.pal,142_escorpim/shiny.pal,142_escorpim/candidate_profile.json
143,Escorpião,poison/dark,Stinger,Arauna Caatinga,"Found in Arauna Caatinga, Escorpião is known as the Stinger POKéMON. It carries a distinct Poison/Dark affinity.",80,105,85,95,90,95,Ponto Cego | Corpo Fedido,,Escorpião adulto,reference-front-plus-reconstructed-back,available,143_escorpiao,143_escorpiao/anim_front.png,143_escorpiao/back.png,143_escorpiao/icon.png,143_escorpiao/normal.pal,143_escorpiao/shiny.pal,143_escorpiao/candidate_profile.json
144,Caramulão,bug/water,Shell,Arauna Amazon,"Caramulão lives in Arauna Amazon. This Bug/Water POKéMON embodies a part of Brazil's nature, folklore, or culture.",71,79,71,75,72,78,Enxame | Olho Composto,,Caramujo gigante,reference-front-plus-reconstructed-back,available,144_caramulao,144_caramulao/anim_front.png,144_caramulao/back.png,144_caramulao/icon.png,144_caramulao/normal.pal,144_caramulao/shiny.pal,144_caramulao/candidate_profile.json
145,Piolhão,bug/poison,Annelid,Arauna Atlantic Forest,"Piolhão, the Annelid POKéMON, inhabits Arauna Atlantic Forest. Its Bug/Poison nature reflects Brazil's wildlife and legends.",75,75,73,75,72,78,Enxame | Olho Composto,,Piolho-de-cobra gigante,reference-front-plus-reconstructed-back,available,145_piolhao,145_piolhao/anim_front.png,145_piolhao/back.png,145_piolhao/icon.png,145_piolhao/normal.pal,145_piolhao/shiny.pal,145_piolhao/candidate_profile.json
146,Barata,bug/dark,Resilient,Arauna Cities,"Found in Arauna Cities, Barata is known as the Resilient POKéMON. It carries a distinct Bug/Dark affinity.",68,82,70,75,72,78,Enxame | Olho Composto,,Barata-descascadora,reference-front-plus-reconstructed-back,available,146_barata,146_barata/anim_front.png,146_barata/back.png,146_barata/icon.png,146_barata/normal.pal,146_barata/shiny.pal,146_barata/candidate_profile.json
147,Grilim,bug,Leaping,Arauna Cerrado,"Grilim lives in Arauna Cerrado. This Bug POKéMON embodies a part of Brazil's nature, folklore, or culture.",45,50,45,45,45,55,Enxame | Olho Composto,#148 (Level 34),Grilo filhote,reference-front-plus-reconstructed-back,available,147_grilim,147_grilim/anim_front.png,147_grilim/back.png,147_grilim/icon.png,147_grilim/normal.pal,147_grilim/shiny.pal,147_grilim/candidate_profile.json
148,Grilão,bug/normal,Singer,Arauna Cerrado,"Grilão, the Singer POKéMON, inhabits Arauna Cerrado. Its Bug/Normal nature reflects Brazil's wildlife and legends.",89,96,90,95,90,95,Enxame | Olho Composto,,Grilo adulto,reference-front-plus-reconstructed-back,available,148_grilao,148_grilao/anim_front.png,148_grilao/back.png,148_grilao/icon.png,148_grilao/normal.pal,148_grilao/shiny.pal,148_grilao/candidate_profile.json
149,Aranhão,bug/poison,Attack,Arauna Atlantic Forest,"Found in Arauna Atlantic Forest, Aranhão is known as the Attack POKéMON. It carries a distinct Bug/Poison affinity.",69,81,70,75,72,78,Enxame | Olho Composto,,Aranha-armadeira,reference-front-plus-reconstructed-back,available,149_aranhao,149_aranhao/anim_front.png,149_aranhao/back.png,149_aranhao/icon.png,149_aranhao/normal.pal,149_aranhao/shiny.pal,149_aranhao/candidate_profile.json
150,Vespão,bug/flying,Hunter,Arauna Amazon,"Vespão lives in Arauna Amazon. This Bug/Flying POKéMON embodies a part of Brazil's nature, folklore, or culture.",73,77,72,75,72,78,Enxame | Olho Composto,,Vespa-caçadora,reference-front-plus-reconstructed-back,available,150_vespao,150_vespao/anim_front.png,150_vespao/back.png,150_vespao/icon.png,150_vespao/normal.pal,150_vespao/shiny.pal,150_vespao/candidate_profile.json
151,Marimbondão,bug/poison,Stinger,Arauna Cerrado,"Marimbondão, the Stinger POKéMON, inhabits Arauna Cerrado. Its Bug/Poison nature reflects Brazil's wildlife and legends.",77,73,74,75,72,78,Enxame | Olho Composto,,Marimbondo-tatu,reference-front-plus-reconstructed-back,available,151_marimbondao,151_marimbondao/anim_front.png,151_marimbondao/back.png,151_marimbondao/icon.png,151_marimbondao/normal.pal,151_marimbondao/shiny.pal,151_marimbondao/candidate_profile.json
152,Traça,bug/normal,Rodent,Arauna Cities,"Found in Arauna Cities, Traça is known as the Rodent POKéMON. It carries a distinct Bug/Normal affinity.",70,80,71,75,72,78,Enxame | Olho Composto,,Traça-de-madeira,reference-front-plus-reconstructed-back,available,152_traca,152_traca/anim_front.png,152_traca/back.png,152_traca/icon.png,152_traca/normal.pal,152_traca/shiny.pal,152_traca/candidate_profile.json
153,Corupião,bug/ground,Queen,Arauna Cerrado,"Corupião lives in Arauna Cerrado. This Bug/Ground POKéMON embodies a part of Brazil's nature, folklore, or culture.",74,76,73,75,72,78,Enxame | Olho Composto,,Cupim rainha,reference-front-plus-reconstructed-back,available,153_corupiao,153_corupiao/anim_front.png,153_corupiao/back.png,153_corupiao/icon.png,153_corupiao/normal.pal,153_corupiao/shiny.pal,153_corupiao/candidate_profile.json
154,Cupinzim,bug/ground,Soldier,Arauna Cerrado,"Cupinzim, the Soldier POKéMON, inhabits Arauna Cerrado. Its Bug/Ground nature reflects Brazil's wildlife and legends.",67,83,69,75,72,78,Enxame | Olho Composto,,Cupim soldado,reference-front-plus-reconstructed-back,available,154_cupinzim,154_cupinzim/anim_front.png,154_cupinzim/back.png,154_cupinzim/icon.png,154_cupinzim/normal.pal,154_cupinzim/shiny.pal,154_cupinzim/candidate_profile.json
155,Formigão-Preto,bug/dark,Runner,Arauna Cerrado,"Found in Arauna Cerrado, Formigão-Preto is known as the Runner POKéMON. It carries a distinct Bug/Dark affinity.",71,79,71,75,72,78,Enxame | Olho Composto,,Formiga-preta gigante,reference-front-plus-reconstructed-back,available,155_formigao-preto,155_formigao-preto/anim_front.png,155_formigao-preto/back.png,155_formigao-preto/icon.png,155_formigao-preto/normal.pal,155_formigao-preto/shiny.pal,155_formigao-preto/candidate_profile.json
156,Beija-flor,flying/fairy,Hummingbird,Arauna Atlantic Forest,"Beija-flor lives in Arauna Atlantic Forest. This Flying/Fairy POKéMON embodies a part of Brazil's nature, folklore, or culture.",75,75,73,75,72,78,Vista Aguçada | Vento Veloz,,Beija-flor-rubi,reference-front-plus-reconstructed-back,available,156_beija-flor,156_beija-flor/anim_front.png,156_beija-flor/back.png,156_beija-flor/icon.png,156_beija-flor/normal.pal,156_beija-flor/shiny.pal,156_beija-flor/candidate_profile.json
157,Sabiá,flying/normal,Singer,Arauna Atlantic Forest,"Sabiá, the Singer POKéMON, inhabits Arauna Atlantic Forest. Its Flying/Normal nature reflects Brazil's wildlife and legends.",68,82,70,75,72,78,Vista Aguçada | Vento Veloz,,Sabiá-laranjeira,reference-front-plus-reconstructed-back,available,157_sabia,157_sabia/anim_front.png,157_sabia/back.png,157_sabia/icon.png,157_sabia/normal.pal,157_sabia/shiny.pal,157_sabia/candidate_profile.json
158,Bem-te-vi,flying/normal,Curious,Arauna Cities,"Found in Arauna Cities, Bem-te-vi is known as the Curious POKéMON. It carries a distinct Flying/Normal affinity.",72,78,72,75,72,78,Vista Aguçada | Vento Veloz,,Bem-te-vi,reference-front-plus-reconstructed-back,available,158_bem-te-vi,158_bem-te-vi/anim_front.png,158_bem-te-vi/back.png,158_bem-te-vi/icon.png,158_bem-te-vi/normal.pal,158_bem-te-vi/shiny.pal,158_bem-te-vi/candidate_profile.json
159,Urutau,flying/ghost,Camouflage,Arauna Atlantic Forest,"Urutau lives in Arauna Atlantic Forest. This Flying/Ghost POKéMON embodies a part of Brazil's nature, folklore, or culture.",76,74,74,75,72,78,Vista Aguçada | Vento Veloz,,Urutau,reference-front-plus-reconstructed-back,available,159_urutau,159_urutau/anim_front.png,159_urutau/back.png,159_urutau/icon.png,159_urutau/normal.pal,159_urutau/shiny.pal,159_urutau/candidate_profile.json
160,Carcará,flying/dark,Raptor,Arauna Caatinga,"Carcará, the Raptor POKéMON, inhabits Arauna Caatinga. Its Flying/Dark nature reflects Brazil's wildlife and legends.",69,81,70,75,72,78,Vista Aguçada | Vento Veloz,,Carcará caçador,reference-front-plus-reconstructed-back,available,160_carcara,160_carcara/anim_front.png,160_carcara/back.png,160_carcara/icon.png,160_carcara/normal.pal,160_carcara/shiny.pal,160_carcara/candidate_profile.json
161,Gavião,flying/fighting,Eagle,Arauna Amazon,"Found in Arauna Amazon, Gavião is known as the Eagle POKéMON. It carries a distinct Flying/Fighting affinity.",73,77,72,75,72,78,Vista Aguçada | Vento Veloz,,Gavião-real,reference-front-plus-reconstructed-back,available,161_gaviao,161_gaviao/anim_front.png,161_gaviao/back.png,161_gaviao/icon.png,161_gaviao/normal.pal,161_gaviao/shiny.pal,161_gaviao/candidate_profile.json
162,Urubu,flying/dark,Scavenger,Arauna Cities,"Urubu lives in Arauna Cities. This Flying/Dark POKéMON embodies a part of Brazil's nature, folklore, or culture.",90,95,90,95,90,95,Vista Aguçada | Vento Veloz,,Urubu-de-cabeça-preta,reference-front-plus-reconstructed-back,available,162_urubu,162_urubu/anim_front.png,162_urubu/back.png,162_urubu/icon.png,162_urubu/normal.pal,162_urubu/shiny.pal,162_urubu/candidate_profile.json
163,Corurupim,flying/psychic,Owl,Arauna Atlantic Forest,"Corurupim, the Owl POKéMON, inhabits Arauna Atlantic Forest. Its Flying/Psychic nature reflects Brazil's wildlife and legends.",43,52,44,45,45,55,Vista Aguçada | Vento Veloz,#163 (Level 22),Coruja pequena,reference-front-plus-reconstructed-back,available,163_corurupim,163_corurupim/anim_front.png,163_corurupim/back.png,163_corurupim/icon.png,163_corurupim/normal.pal,163_corurupim/shiny.pal,163_corurupim/candidate_profile.json
164,Coruja,flying/psychic,Owl,Arauna Cerrado,"Found in Arauna Cerrado, Coruja is known as the Owl POKéMON. It carries a distinct Flying/Psychic affinity.",87,98,89,95,90,95,Vista Aguçada | Vento Veloz,,Coruja-buraqueira,reference-front-plus-reconstructed-back,available,164_coruja,164_coruja/anim_front.png,164_coruja/back.png,164_coruja/icon.png,164_coruja/normal.pal,164_coruja/shiny.pal,164_coruja/candidate_profile.json
165,Jaburu,flying/water,Stork,Arauna Pantanal,"Jaburu lives in Arauna Pantanal. This Flying/Water POKéMON embodies a part of Brazil's nature, folklore, or culture.",67,83,69,75,72,78,Vista Aguçada | Vento Veloz,,Jaburu maior,reference-front-plus-reconstructed-back,available,165_jaburu,165_jaburu/anim_front.png,165_jaburu/back.png,165_jaburu/icon.png,165_jaburu/normal.pal,165_jaburu/shiny.pal,165_jaburu/candidate_profile.json
166,Ema,normal/flying,Runner,Arauna Cerrado,"Ema, the Runner POKéMON, inhabits Arauna Cerrado. Its Normal/Flying nature reflects Brazil's wildlife and legends.",71,79,71,75,72,78,Faro | Placidez,,Ema corredora,reference-front-plus-reconstructed-back,available,166_ema,166_ema/anim_front.png,166_ema/back.png,166_ema/icon.png,166_ema/normal.pal,166_ema/shiny.pal,166_ema/candidate_profile.json
167,Seriema,flying/fighting,One-Legged,Arauna Cerrado,"Found in Arauna Cerrado, Seriema is known as the One-Legged POKéMON. It carries a distinct Flying/Fighting affinity.",75,75,73,75,72,78,Vista Aguçada | Vento Veloz,,Seriema-perna-vermelha,reference-front-plus-reconstructed-back,available,167_seriema,167_seriema/anim_front.png,167_seriema/back.png,167_seriema/icon.png,167_seriema/normal.pal,167_seriema/shiny.pal,167_seriema/candidate_profile.json
168,Anú,flying/dark,Pack,Arauna Cerrado,"Anú lives in Arauna Cerrado. This Flying/Dark POKéMON embodies a part of Brazil's nature, folklore, or culture.",68,82,70,75,72,78,Vista Aguçada | Vento Veloz,,Anu-preto,reference-front-plus-reconstructed-back,available,168_anu,168_anu/anim_front.png,168_anu/back.png,168_anu/icon.png,168_anu/normal.pal,168_anu/shiny.pal,168_anu/candidate_profile.json
169,Trinca-Ferro,flying/steel,Singer,Arauna Atlantic Forest,"Trinca-Ferro, the Singer POKéMON, inhabits Arauna Atlantic Forest. Its Flying/Steel nature reflects Brazil's wildlife and legends.",72,78,72,75,72,78,Vista Aguçada | Vento Veloz,,Trinca-ferro,reference-front-plus-reconstructed-back,available,169_trinca-ferro,169_trinca-ferro/anim_front.png,169_trinca-ferro/back.png,169_trinca-ferro/icon.png,169_trinca-ferro/normal.pal,169_trinca-ferro/shiny.pal,169_trinca-ferro/candidate_profile.json
170,Curió,flying/normal,Singer,Arauna Cerrado,"Found in Arauna Cerrado, Curió is known as the Singer POKéMON. It carries a distinct Flying/Normal affinity.",76,74,74,75,72,78,Vista Aguçada | Vento Veloz,,Curió cantor,reference-front-plus-reconstructed-back,available,170_curio,170_curio/anim_front.png,170_curio/back.png,170_curio/icon.png,170_curio/normal.pal,170_curio/shiny.pal,170_curio/candidate_profile.json
171,Sanhaço,flying/fairy,Blue,Arauna Atlantic Forest,"Sanhaço lives in Arauna Atlantic Forest. This Flying/Fairy POKéMON embodies a part of Brazil's nature, folklore, or culture.",69,81,70,75,72,78,Vista Aguçada | Vento Veloz,,Sanhaço-azul,reference-front-plus-reconstructed-back,available,171_sanhaco,171_sanhaco/anim_front.png,171_sanhaco/back.png,171_sanhaco/icon.png,171_sanhaco/normal.pal,171_sanhaco/shiny.pal,171_sanhaco/candidate_profile.json
172,Papa-Formiga,flying/bug,Insectivore,Arauna Atlantic Forest,"Papa-Formiga, the Insectivore POKéMON, inhabits Arauna Atlantic Forest. Its Flying/Bug nature reflects Brazil's wildlife and legends.",73,77,72,75,72,78,Vista Aguçada | Vento Veloz,,Papa-formiga,reference-front-plus-reconstructed-back,available,172_papa-formiga,172_papa-formiga/anim_front.png,172_papa-formiga/back.png,172_papa-formiga/icon.png,172_papa-formiga/normal.pal,172_papa-formiga/shiny.pal,172_papa-formiga/candidate_profile.json
173,Choca,flying/normal,Shadow,Arauna Atlantic Forest,"Found in Arauna Atlantic Forest, Choca is known as the Shadow POKéMON. It carries a distinct Flying/Normal affinity.",77,73,74,75,72,78,Vista Aguçada | Vento Veloz,,Choca-bate-rabo,reference-front-plus-reconstructed-back,available,173_choca,173_choca/anim_front.png,173_choca/back.png,173_choca/icon.png,173_choca/normal.pal,173_choca/shiny.pal,173_choca/candidate_profile.json
174,Bacurau,flying/dark,Nocturnal,Arauna Cerrado,"Bacurau lives in Arauna Cerrado. This Flying/Dark POKéMON embodies a part of Brazil's nature, folklore, or culture.",70,80,71,75,72,78,Vista Aguçada | Vento Veloz,,Bacurau noturno,reference-front-plus-reconstructed-back,available,174_bacurau,174_bacurau/anim_front.png,174_bacurau/back.png,174_bacurau/icon.png,174_bacurau/normal.pal,174_bacurau/shiny.pal,174_bacurau/candidate_profile.json
175,João-de-Barro,flying/ground,Builder,Arauna Cerrado,"João-de-Barro, the Builder POKéMON, inhabits Arauna Cerrado. Its Flying/Ground nature reflects Brazil's wildlife and legends.",74,76,73,75,72,78,Vista Aguçada | Vento Veloz,,João-de-barro,reference-front-plus-reconstructed-back,available,175_joao-de-barro,175_joao-de-barro/anim_front.png,175_joao-de-barro/back.png,175_joao-de-barro/icon.png,175_joao-de-barro/normal.pal,175_joao-de-barro/shiny.pal,175_joao-de-barro/candidate_profile.json
176,Sementim,grass,Seed,Arauna Cerrado,"Found in Arauna Cerrado, Sementim is known as the Seed POKéMON. It carries a distinct Grass affinity.",40,55,42,45,45,55,Espessura | Colheita,#177 (Level 30),Semente andante,reference-front-plus-reconstructed-back,available,176_sementim,176_sementim/anim_front.png,176_sementim/back.png,176_sementim/icon.png,176_sementim/normal.pal,176_sementim/shiny.pal,176_sementim/candidate_profile.json
177,Muda,grass,Sprout,Arauna Cerrado,"Muda lives in Arauna Cerrado. This Grass POKéMON embodies a part of Brazil's nature, folklore, or culture.",64,73,64,65,65,72,Espessura | Colheita,#178 (Level 34),Muda ambulante,reference-front-plus-reconstructed-back,available,177_muda,177_muda/anim_front.png,177_muda/back.png,177_muda/icon.png,177_muda/normal.pal,177_muda/shiny.pal,177_muda/candidate_profile.json
178,Jequitibá,grass/rock,Tree,Arauna Atlantic Forest,"Jequitibá, the Tree POKéMON, inhabits Arauna Atlantic Forest. Its Grass/Rock nature reflects Brazil's wildlife and legends.",88,97,89,95,90,95,Espessura | Colheita,,Jequitibá gigante,reference-front-plus-reconstructed-back,available,178_jequitiba,178_jequitiba/anim_front.png,178_jequitiba/back.png,178_jequitiba/icon.png,178_jequitiba/normal.pal,178_jequitiba/shiny.pal,178_jequitiba/candidate_profile.json
179,Bromelinha,grass/water,Bromeliad,Arauna Atlantic Forest,"Found in Arauna Atlantic Forest, Bromelinha is known as the Bromeliad POKéMON. It carries a distinct Grass/Water affinity.",68,82,70,75,72,78,Espessura | Colheita,,Bromélia jovem,reference-front-plus-reconstructed-back,available,179_bromelinha,179_bromelinha/anim_front.png,179_bromelinha/back.png,179_bromelinha/icon.png,179_bromelinha/normal.pal,179_bromelinha/shiny.pal,179_bromelinha/candidate_profile.json
180,Orquidina,grass/fairy,Flower,Arauna Amazon,"Orquidina lives in Arauna Amazon. This Grass/Fairy POKéMON embodies a part of Brazil's nature, folklore, or culture.",72,78,72,75,72,78,Espessura | Colheita,,Orquídea,reference-front-plus-reconstructed-back,available,180_orquidina,180_orquidina/anim_front.png,180_orquidina/back.png,180_orquidina/icon.png,180_orquidina/normal.pal,180_orquidina/shiny.pal,180_orquidina/candidate_profile.json
181,Vitóriarégia,grass/water,Water-Lily,Arauna Amazon,"Vitóriarégia, the Water-Lily POKéMON, inhabits Arauna Amazon. Its Grass/Water nature reflects Brazil's wildlife and legends.",76,74,74,75,72,78,Espessura | Colheita,,Vitória-régia,reference-front-plus-reconstructed-back,available,181_vitoriaregia,181_vitoriaregia/anim_front.png,181_vitoriaregia/back.png,181_vitoriaregia/icon.png,181_vitoriaregia/normal.pal,181_vitoriaregia/shiny.pal,181_vitoriaregia/candidate_profile.json
182,Ipê,grass/fairy,Blooming,Arauna Cerrado,"Found in Arauna Cerrado, Ipê is known as the Blooming POKéMON. It carries a distinct Grass/Fairy affinity.",69,81,70,75,72,78,Espessura | Colheita,,Ipê-amarelo,reference-front-plus-reconstructed-back,available,182_ipe,182_ipe/anim_front.png,182_ipe/back.png,182_ipe/icon.png,182_ipe/normal.pal,182_ipe/shiny.pal,182_ipe/candidate_profile.json
183,Cipó,grass/poison,Vine,Arauna Amazon,"Cipó lives in Arauna Amazon. This Grass/Poison POKéMON embodies a part of Brazil's nature, folklore, or culture.",73,77,72,75,72,78,Espessura | Colheita,,Cipó ambulante,reference-front-plus-reconstructed-back,available,183_cipo,183_cipo/anim_front.png,183_cipo/back.png,183_cipo/icon.png,183_cipo/normal.pal,183_cipo/shiny.pal,183_cipo/candidate_profile.json
184,Palmito,grass/fighting,Palm,Arauna Atlantic Forest,"Palmito, the Palm POKéMON, inhabits Arauna Atlantic Forest. Its Grass/Fighting nature reflects Brazil's wildlife and legends.",77,73,74,75,72,78,Espessura | Colheita,,Palmeira-jussara,reference-front-plus-reconstructed-back,available,184_palmito,184_palmito/anim_front.png,184_palmito/back.png,184_palmito/icon.png,184_palmito/normal.pal,184_palmito/shiny.pal,184_palmito/candidate_profile.json
185,Babaçu,grass/ground,Palm,Arauna Caatinga,"Found in Arauna Caatinga, Babaçu is known as the Palm POKéMON. It carries a distinct Grass/Ground affinity.",70,80,71,75,72,78,Espessura | Colheita,,Palmeira-babaçu,reference-front-plus-reconstructed-back,available,185_babacu,185_babacu/anim_front.png,185_babacu/back.png,185_babacu/icon.png,185_babacu/normal.pal,185_babacu/shiny.pal,185_babacu/candidate_profile.json
186,Buriti,grass/water,Palm,Arauna Cerrado,"Buriti lives in Arauna Cerrado. This Grass/Water POKéMON embodies a part of Brazil's nature, folklore, or culture.",74,76,73,75,72,78,Espessura | Colheita,,Palmeira-buriti,reference-front-plus-reconstructed-back,available,186_buriti,186_buriti/anim_front.png,186_buriti/back.png,186_buriti/icon.png,186_buriti/normal.pal,186_buriti/shiny.pal,186_buriti/candidate_profile.json
187,Cajuzim,grass,Fruit,Arauna Caatinga,"Cajuzim, the Fruit POKéMON, inhabits Arauna Caatinga. Its Grass nature reflects Brazil's wildlife and legends.",40,55,42,45,45,55,Espessura | Colheita,#188 (Level 22),Caju filhote,reference-front-plus-reconstructed-back,available,187_cajuzim,187_cajuzim/anim_front.png,187_cajuzim/back.png,187_cajuzim/icon.png,187_cajuzim/normal.pal,187_cajuzim/shiny.pal,187_cajuzim/candidate_profile.json
188,Cajueiro,grass/fire,Fruit,Arauna Caatinga,"Found in Arauna Caatinga, Cajueiro is known as the Fruit POKéMON. It carries a distinct Grass/Fire affinity.",84,101,87,95,90,95,Espessura | Colheita,,Cajueiro adulto,reference-front-plus-reconstructed-back,available,188_cajueiro,188_cajueiro/anim_front.png,188_cajueiro/back.png,188_cajueiro/icon.png,188_cajueiro/normal.pal,188_cajueiro/shiny.pal,188_cajueiro/candidate_profile.json
189,Açaí,grass/dark,Palm,Arauna Amazon,"Açaí lives in Arauna Amazon. This Grass/Dark POKéMON embodies a part of Brazil's nature, folklore, or culture.",75,75,73,75,72,78,Espessura | Colheita,,Palmeira-açaí,reference-front-plus-reconstructed-back,available,189_acai,189_acai/anim_front.png,189_acai/back.png,189_acai/icon.png,189_acai/normal.pal,189_acai/shiny.pal,189_acai/candidate_profile.json
190,Cacauim,grass,Fruit,Arauna Amazon,"Cacauim, the Fruit POKéMON, inhabits Arauna Amazon. Its Grass nature reflects Brazil's wildlife and legends.",41,54,43,45,45,55,Espessura | Colheita,#191 (Level 36),Cacau filhote,reference-front-plus-reconstructed-back,available,190_cacauim,190_cacauim/anim_front.png,190_cacauim/back.png,190_cacauim/icon.png,190_cacauim/normal.pal,190_cacauim/shiny.pal,190_cacauim/candidate_profile.json
191,Cacaueiro,grass/normal,Chocolate,Arauna Amazon,"Found in Arauna Amazon, Cacaueiro is known as the Chocolate POKéMON. It carries a distinct Grass/Normal affinity.",85,100,88,95,90,95,Espessura | Colheita,,Cacaueiro adulto,reference-front-plus-reconstructed-back,available,191_cacaueiro,191_cacaueiro/anim_front.png,191_cacaueiro/back.png,191_cacaueiro/icon.png,191_cacaueiro/normal.pal,191_cacaueiro/shiny.pal,191_cacaueiro/candidate_profile.json
192,Guaraná,grass/electric,Energetic,Arauna Amazon,"Guaraná lives in Arauna Amazon. This Grass/Electric POKéMON embodies a part of Brazil's nature, folklore, or culture.",76,74,74,75,72,78,Espessura | Colheita,,Fruta-guaraná,reference-front-plus-reconstructed-back,available,192_guarana,192_guarana/anim_front.png,192_guarana/back.png,192_guarana/icon.png,192_guarana/normal.pal,192_guarana/shiny.pal,192_guarana/candidate_profile.json
193,Mate,grass/water,Tea,Arauna Pampas,"Mate, the Tea POKéMON, inhabits Arauna Pampas. Its Grass/Water nature reflects Brazil's wildlife and legends.",69,81,70,75,72,78,Espessura | Colheita,,Erva-mate,reference-front-plus-reconstructed-back,available,193_mate,193_mate/anim_front.png,193_mate/back.png,193_mate/icon.png,193_mate/normal.pal,193_mate/shiny.pal,193_mate/candidate_profile.json
194,Milho,grass/normal,Grain,Arauna Cerrado,"Found in Arauna Cerrado, Milho is known as the Grain POKéMON. It carries a distinct Grass/Normal affinity.",73,77,72,75,72,78,Espessura | Colheita,,Milho-crioulo,reference-front-plus-reconstructed-back,available,194_milho,194_milho/anim_front.png,194_milho/back.png,194_milho/icon.png,194_milho/normal.pal,194_milho/shiny.pal,194_milho/candidate_profile.json
195,Mandioca,grass/ground,Root,Arauna Cerrado,"Mandioca lives in Arauna Cerrado. This Grass/Ground POKéMON embodies a part of Brazil's nature, folklore, or culture.",77,73,74,75,72,78,Espessura | Colheita,,Mandioca ambulante,reference-front-plus-reconstructed-back,available,195_mandioca,195_mandioca/anim_front.png,195_mandioca/back.png,195_mandioca/icon.png,195_mandioca/normal.pal,195_mandioca/shiny.pal,195_mandioca/candidate_profile.json
196,Pedrinha,rock,Pebble,Arauna Rivers,"Pedrinha, the Pebble POKéMON, inhabits Arauna Rivers. Its Rock nature reflects Brazil's wildlife and legends.",43,52,44,45,45,55,Corpo Rochoso | Poeira,#197 (Level 36),Seixo-de-rio,reference-front-plus-reconstructed-back,available,196_pedrinha,196_pedrinha/anim_front.png,196_pedrinha/back.png,196_pedrinha/icon.png,196_pedrinha/normal.pal,196_pedrinha/shiny.pal,196_pedrinha/candidate_profile.json
197,Rochão,rock,Rock,Arauna Plateaus,"Found in Arauna Plateaus, Rochão is known as the Rock POKéMON. It carries a distinct Rock affinity.",87,98,89,95,90,95,Corpo Rochoso | Poeira,,Rocha viva,reference-front-plus-reconstructed-back,available,197_rochao,197_rochao/anim_front.png,197_rochao/back.png,197_rochao/icon.png,197_rochao/normal.pal,197_rochao/shiny.pal,197_rochao/candidate_profile.json
198,Cristalim,rock/fairy,Crystal,Arauna Caves,"Cristalim lives in Arauna Caves. This Rock/Fairy POKéMON embodies a part of Brazil's nature, folklore, or culture.",40,55,42,45,45,55,Corpo Rochoso | Poeira,#199 (Level 16),Cristal filhote,reference-front-plus-reconstructed-back,available,198_cristalim,198_cristalim/anim_front.png,198_cristalim/back.png,198_cristalim/icon.png,198_cristalim/normal.pal,198_cristalim/shiny.pal,198_cristalim/candidate_profile.json
199,Ametista,rock/psychic,Crystal,Arauna Highlands,"Ametista, the Crystal POKéMON, inhabits Arauna Highlands. Its Rock/Psychic nature reflects Brazil's wildlife and legends.",84,101,87,95,90,95,Corpo Rochoso | Poeira,,Cristal-ametista,reference-front-plus-reconstructed-back,available,199_ametista,199_ametista/anim_front.png,199_ametista/back.png,199_ametista/icon.png,199_ametista/normal.pal,199_ametista/shiny.pal,199_ametista/candidate_profile.json
200,Ouríço,steel/electric,Metal,Arauna Highlands,"Found in Arauna Highlands, Ouríço is known as the Metal POKéMON. It carries a distinct Steel/Electric affinity.",75,75,73,75,72,78,Corpo Metálico | Ponto Fraco,,Ouro nativo,reference-front-plus-reconstructed-back,available,200_ourico,200_ourico/anim_front.png,200_ourico/back.png,200_ourico/icon.png,200_ourico/normal.pal,200_ourico/shiny.pal,200_ourico/candidate_profile.json
201,Ferrolho,steel/ground,Metal,Arauna Highlands,"Ferrolho lives in Arauna Highlands. This Steel/Ground POKéMON embodies a part of Brazil's nature, folklore, or culture.",68,82,70,75,72,78,Corpo Metálico | Ponto Fraco,,Minério-de-ferro,reference-front-plus-reconstructed-back,available,201_ferrolho,201_ferrolho/anim_front.png,201_ferrolho/back.png,201_ferrolho/icon.png,201_ferrolho/normal.pal,201_ferrolho/shiny.pal,201_ferrolho/candidate_profile.json
202,Diamantina,rock/fairy,Crystal,Arauna Highlands,"Diamantina, the Crystal POKéMON, inhabits Arauna Highlands. Its Rock/Fairy nature reflects Brazil's wildlife and legends.",95,110,95,110,100,95,Corpo Rochoso | Poeira,,Diamante bruto,reference-front-plus-reconstructed-back,available,202_diamantina,202_diamantina/anim_front.png,202_diamantina/back.png,202_diamantina/icon.png,202_diamantina/normal.pal,202_diamantina/shiny.pal,202_diamantina/candidate_profile.json
203,Bauxito,steel/ground,Metal,Arauna Amazon,"Found in Arauna Amazon, Bauxito is known as the Metal POKéMON. It carries a distinct Steel/Ground affinity.",76,74,74,75,72,78,Corpo Metálico | Ponto Fraco,,Minério-de-alumínio,reference-front-plus-reconstructed-back,available,203_bauxito,203_bauxito/anim_front.png,203_bauxito/back.png,203_bauxito/icon.png,203_bauxito/normal.pal,203_bauxito/shiny.pal,203_bauxito/candidate_profile.json
204,Manganim,steel/dark,Metal,Arauna Highlands,"Manganim lives in Arauna Highlands. This Steel/Dark POKéMON embodies a part of Brazil's nature, folklore, or culture.",69,81,70,75,72,78,Corpo Metálico | Ponto Fraco,,Minério-manganês,reference-front-plus-reconstructed-back,available,204_manganim,204_manganim/anim_front.png,204_manganim/back.png,204_manganim/icon.png,204_manganim/normal.pal,204_manganim/shiny.pal,204_manganim/candidate_profile.json
205,Salitre,rock/water,Salt,Arauna Coast,"Salitre, the Salt POKéMON, inhabits Arauna Coast. Its Rock/Water nature reflects Brazil's wildlife and legends.",73,77,72,75,72,78,Corpo Rochoso | Poeira,,Cristal de sal,reference-front-plus-reconstructed-back,available,205_salitre,205_salitre/anim_front.png,205_salitre/back.png,205_salitre/icon.png,205_salitre/normal.pal,205_salitre/shiny.pal,205_salitre/candidate_profile.json
206,Enxofrino,fire/poison,Sulfur,Arauna Highlands,"Found in Arauna Highlands, Enxofrino is known as the Sulfur POKéMON. It carries a distinct Fire/Poison affinity.",77,73,74,75,72,78,Chama | Corpo Flamejante,,Enxofre vulcânico,reference-front-plus-reconstructed-back,available,206_enxofrino,206_enxofrino/anim_front.png,206_enxofrino/back.png,206_enxofrino/icon.png,206_enxofrino/normal.pal,206_enxofrino/shiny.pal,206_enxofrino/candidate_profile.json
207,Argilim,ground,Clay,Arauna Cerrado,"Argilim lives in Arauna Cerrado. This Ground POKéMON embodies a part of Brazil's nature, folklore, or culture.",43,52,44,45,45,55,Escavador | Nuvem de Areia,#208 (Level 34),Argila vermelha,reference-front-plus-reconstructed-back,available,207_argilim,207_argilim/anim_front.png,207_argilim/back.png,207_argilim/icon.png,207_argilim/normal.pal,207_argilim/shiny.pal,207_argilim/candidate_profile.json
208,Boneco,ground/psychic,Puppet,Arauna Cerrado,"Boneco, the Puppet POKéMON, inhabits Arauna Cerrado. Its Ground/Psychic nature reflects Brazil's wildlife and legends.",87,98,89,95,90,95,Escavador | Nuvem de Areia,,Boneco de barro,reference-front-plus-reconstructed-back,available,208_boneco,208_boneco/anim_front.png,208_boneco/back.png,208_boneco/icon.png,208_boneco/normal.pal,208_boneco/shiny.pal,208_boneco/candidate_profile.json
209,Estalactite,rock/water,Cave,Arauna Caves,"Found in Arauna Caves, Estalactite is known as the Cave POKéMON. It carries a distinct Rock/Water affinity.",67,83,69,75,72,78,Corpo Rochoso | Poeira,,Estalactite viva,reference-front-plus-reconstructed-back,available,209_estalactite,209_estalactite/anim_front.png,209_estalactite/back.png,209_estalactite/icon.png,209_estalactite/normal.pal,209_estalactite/shiny.pal,209_estalactite/candidate_profile.json
210,Estalagmite,rock/ground,Cave,Arauna Caves,"Estalagmite lives in Arauna Caves. This Rock/Ground POKéMON embodies a part of Brazil's nature, folklore, or culture.",71,79,71,75,72,78,Corpo Rochoso | Poeira,,Estalagmite viva,reference-front-plus-reconstructed-back,available,210_estalagmite,210_estalagmite/anim_front.png,210_estalagmite/back.png,210_estalagmite/icon.png,210_estalagmite/normal.pal,210_estalagmite/shiny.pal,210_estalagmite/candidate_profile.json
211,Fóssil,rock/dragon,Fossil,Arauna Plateaus,"Fóssil, the Fossil POKéMON, inhabits Arauna Plateaus. Its Rock/Dragon nature reflects Brazil's wildlife and legends.",75,75,73,75,72,78,Corpo Rochoso | Poeira,,Fóssil ambulante,reference-front-plus-reconstructed-back,available,211_fossil,211_fossil/anim_front.png,211_fossil/back.png,211_fossil/icon.png,211_fossil/normal.pal,211_fossil/shiny.pal,211_fossil/candidate_profile.json
212,Meteorito,rock/psychic,Stellar,Arauna Highlands,"Found in Arauna Highlands, Meteorito is known as the Stellar POKéMON. It carries a distinct Rock/Psychic affinity.",91,114,93,110,100,95,Corpo Rochoso | Poeira,,Fragmento espacial,reference-front-plus-reconstructed-back,available,212_meteorito,212_meteorito/anim_front.png,212_meteorito/back.png,212_meteorito/icon.png,212_meteorito/normal.pal,212_meteorito/shiny.pal,212_meteorito/candidate_profile.json
213,Vulcanite,fire/rock,Volcano,Arauna Highlands,"Vulcanite lives in Arauna Highlands. This Fire/Rock POKéMON embodies a part of Brazil's nature, folklore, or culture.",72,78,72,75,72,78,Chama | Corpo Flamejante,,Rocha vulcânica,reference-front-plus-reconstructed-back,available,213_vulcanite,213_vulcanite/anim_front.png,213_vulcanite/back.png,213_vulcanite/icon.png,213_vulcanite/normal.pal,213_vulcanite/shiny.pal,213_vulcanite/candidate_profile.json
214,Marmim,rock/fairy,Sculpture,Arauna Highlands,"Marmim, the Sculpture POKéMON, inhabits Arauna Highlands. Its Rock/Fairy nature reflects Brazil's wildlife and legends.",76,74,74,75,72,78,Corpo Rochoso | Poeira,,Mármore polido,reference-front-plus-reconstructed-back,available,214_marmim,214_marmim/anim_front.png,214_marmim/back.png,214_marmim/icon.png,214_marmim/normal.pal,214_marmim/shiny.pal,214_marmim/candidate_profile.json
215,Granito,rock/fighting,Rock,Arauna Plateaus,"Found in Arauna Plateaus, Granito is known as the Rock POKéMON. It carries a distinct Rock/Fighting affinity.",69,81,70,75,72,78,Corpo Rochoso | Poeira,,Granito rachado,reference-front-plus-reconstructed-back,available,215_granito,215_granito/anim_front.png,215_granito/back.png,215_granito/icon.png,215_granito/normal.pal,215_granito/shiny.pal,215_granito/candidate_profile.json
216,Caranguim,water,Pincer,Arauna Coast,"Caranguim lives in Arauna Coast. This Water POKéMON embodies a part of Brazil's nature, folklore, or culture.",46,49,45,45,45,55,Torrente | Corpo Molhado,#217 (Level 16),Caranguejo pequeno,reference-front-plus-reconstructed-back,available,216_caranguim,216_caranguim/anim_front.png,216_caranguim/back.png,216_caranguim/icon.png,216_caranguim/normal.pal,216_caranguim/shiny.pal,216_caranguim/candidate_profile.json
217,Guaiamum,water/ground,Pincer,Arauna Coast,"Guaiamum, the Pincer POKéMON, inhabits Arauna Coast. Its Water/Ground nature reflects Brazil's wildlife and legends.",90,95,90,95,90,95,Torrente | Corpo Molhado,,Caranguejo-guaiamum,reference-front-plus-reconstructed-back,available,217_guaiamum,217_guaiamum/anim_front.png,217_guaiamum/back.png,217_guaiamum/icon.png,217_guaiamum/normal.pal,217_guaiamum/shiny.pal,217_guaiamum/candidate_profile.json
218,Siri,water/fighting,Swimmer,Arauna Coast,"Found in Arauna Coast, Siri is known as the Swimmer POKéMON. It carries a distinct Water/Fighting affinity.",70,80,71,75,72,78,Torrente | Corpo Molhado,,Siri-azul,reference-front-plus-reconstructed-back,available,218_siri,218_siri/anim_front.png,218_siri/back.png,218_siri/icon.png,218_siri/normal.pal,218_siri/shiny.pal,218_siri/candidate_profile.json
219,Camarão,water,Crustacean,Arauna Coast,"Camarão lives in Arauna Coast. This Water POKéMON embodies a part of Brazil's nature, folklore, or culture.",74,76,73,75,72,78,Torrente | Corpo Molhado,,Camarão-rosa,reference-front-plus-reconstructed-back,available,219_camarao,219_camarao/anim_front.png,219_camarao/back.png,219_camarao/icon.png,219_camarao/normal.pal,219_camarao/shiny.pal,219_camarao/candidate_profile.json
220,Polvim,water/psychic,Tentacle,Arauna Coast,"Polvim, the Tentacle POKéMON, inhabits Arauna Coast. Its Water/Psychic nature reflects Brazil's wildlife and legends.",40,55,42,45,45,55,Torrente | Corpo Molhado,#222 (Level 36),Polvo pequeno,reference-front-plus-reconstructed-back,available,220_polvim,220_polvim/anim_front.png,220_polvim/back.png,220_polvim/icon.png,220_polvim/normal.pal,220_polvim/shiny.pal,220_polvim/candidate_profile.json
221,Polvão,water/psychic,Tentacle,Arauna Coast,"Found in Arauna Coast, Polvão is known as the Tentacle POKéMON. It carries a distinct Water/Psychic affinity.",84,101,87,95,90,95,Torrente | Corpo Molhado,,Polvo gigante,reference-front-plus-reconstructed-back,available,221_polvao,221_polvao/anim_front.png,221_polvao/back.png,221_polvao/icon.png,221_polvao/normal.pal,221_polvao/shiny.pal,221_polvao/candidate_profile.json
222,Águaviva,water/poison,Floating,Arauna Coast,"Águaviva lives in Arauna Coast. This Water/Poison POKéMON embodies a part of Brazil's nature, folklore, or culture.",75,75,73,75,72,78,Torrente | Corpo Molhado,,Água-viva flutuante,reference-front-plus-reconstructed-back,available,222_aguaviva,222_aguaviva/anim_front.png,222_aguaviva/back.png,222_aguaviva/icon.png,222_aguaviva/normal.pal,222_aguaviva/shiny.pal,222_aguaviva/candidate_profile.json
223,Cavalim-Marinho,water/fairy,Marine,Arauna Coast,"Cavalim-Marinho, the Marine POKéMON, inhabits Arauna Coast. Its Water/Fairy nature reflects Brazil's wildlife and legends.",68,82,70,75,72,78,Torrente | Corpo Molhado,,Cavalo-marinho pequeno,reference-front-plus-reconstructed-back,available,223_cavalim-marinho,223_cavalim-marinho/anim_front.png,223_cavalim-marinho/back.png,223_cavalim-marinho/icon.png,223_cavalim-marinho/normal.pal,223_cavalim-marinho/shiny.pal,223_cavalim-marinho/candidate_profile.json
224,Tartaruguim,water,Shell,Arauna Coast,"Found in Arauna Coast, Tartaruguim is known as the Shell POKéMON. It carries a distinct Water affinity.",45,50,45,45,45,55,Torrente | Corpo Molhado,#226 (Level 30),Tartaruga-marinha filhote,reference-front-plus-reconstructed-back,available,224_tartaruguim,224_tartaruguim/anim_front.png,224_tartaruguim/back.png,224_tartaruguim/icon.png,224_tartaruguim/normal.pal,224_tartaruguim/shiny.pal,224_tartaruguim/candidate_profile.json
225,Tartaruga,water/rock,Shell,Arauna Coast,"Tartaruga lives in Arauna Coast. This Water/Rock POKéMON embodies a part of Brazil's nature, folklore, or culture.",89,96,90,95,90,95,Torrente | Corpo Molhado,,Tartaruga-marinha adulta,reference-front-plus-reconstructed-back,available,225_tartaruga,225_tartaruga/anim_front.png,225_tartaruga/back.png,225_tartaruga/icon.png,225_tartaruga/normal.pal,225_tartaruga/shiny.pal,225_tartaruga/candidate_profile.json
226,Golfinho,water/psychic,Clever,Arauna Coast,"Golfinho, the Clever POKéMON, inhabits Arauna Coast. Its Water/Psychic nature reflects Brazil's wildlife and legends.",69,81,70,75,72,78,Torrente | Corpo Molhado,,Golfinho-do-mar,reference-front-plus-reconstructed-back,available,226_golfinho,226_golfinho/anim_front.png,226_golfinho/back.png,226_golfinho/icon.png,226_golfinho/normal.pal,226_golfinho/shiny.pal,226_golfinho/candidate_profile.json
227,Baleia,water/normal,Giant,Arauna Coast,"Found in Arauna Coast, Baleia is known as the Giant POKéMON. It carries a distinct Water/Normal affinity.",73,77,72,75,72,78,Torrente | Corpo Molhado,,Baleia-jubarte,reference-front-plus-reconstructed-back,available,227_baleia,227_baleia/anim_front.png,227_baleia/back.png,227_baleia/icon.png,227_baleia/normal.pal,227_baleia/shiny.pal,227_baleia/candidate_profile.json
228,Tubarim,water/dark,Predator,Arauna Coast,"Tubarim lives in Arauna Coast. This Water/Dark POKéMON embodies a part of Brazil's nature, folklore, or culture.",50,45,47,45,45,55,Torrente | Corpo Molhado,#230 (Level 16),Tubarão jovem,reference-front-plus-reconstructed-back,available,228_tubarim,228_tubarim/anim_front.png,228_tubarim/back.png,228_tubarim/icon.png,228_tubarim/normal.pal,228_tubarim/shiny.pal,228_tubarim/candidate_profile.json
229,Tubarão,water/dark,Predator,Arauna Coast,"Tubarão, the Predator POKéMON, inhabits Arauna Coast. Its Water/Dark nature reflects Brazil's wildlife and legends.",83,102,87,95,90,95,Torrente | Corpo Molhado,,Tubarão-tigre,reference-front-plus-reconstructed-back,available,229_tubarao,229_tubarao/anim_front.png,229_tubarao/back.png,229_tubarao/icon.png,229_tubarao/normal.pal,229_tubarao/shiny.pal,229_tubarao/candidate_profile.json
230,Arraia,water/electric,Shock,Arauna Coast,"Found in Arauna Coast, Arraia is known as the Shock POKéMON. It carries a distinct Water/Electric affinity.",74,76,73,75,72,78,Torrente | Corpo Molhado,,Arraia elétrica,reference-front-plus-reconstructed-back,available,230_arraia,230_arraia/anim_front.png,230_arraia/back.png,230_arraia/icon.png,230_arraia/normal.pal,230_arraia/shiny.pal,230_arraia/candidate_profile.json
231,Peixe-Espada,water/steel,Blade,Arauna Coast,"Peixe-Espada lives in Arauna Coast. This Water/Steel POKéMON embodies a part of Brazil's nature, folklore, or culture.",67,83,69,75,72,78,Torrente | Corpo Molhado,,Peixe-espada,reference-front-plus-reconstructed-back,available,231_peixe-espada,231_peixe-espada/anim_front.png,231_peixe-espada/back.png,231_peixe-espada/icon.png,231_peixe-espada/normal.pal,231_peixe-espada/shiny.pal,231_peixe-espada/candidate_profile.json
232,Pargo,water/fire,Schooling,Arauna Coast,"Pargo, the Schooling POKéMON, inhabits Arauna Coast. Its Water/Fire nature reflects Brazil's wildlife and legends.",71,79,71,75,72,78,Torrente | Corpo Molhado,,Pargo vermelho,reference-front-plus-reconstructed-back,available,232_pargo,232_pargo/anim_front.png,232_pargo/back.png,232_pargo/icon.png,232_pargo/normal.pal,232_pargo/shiny.pal,232_pargo/candidate_profile.json
233,Pescadão,water/dark,Lure,Arauna Coast,"Found in Arauna Coast, Pescadão is known as the Lure POKéMON. It carries a distinct Water/Dark affinity.",75,75,73,75,72,78,Torrente | Corpo Molhado,,Peixe-pescador,reference-front-plus-reconstructed-back,available,233_pescadao,233_pescadao/anim_front.png,233_pescadao/back.png,233_pescadao/icon.png,233_pescadao/normal.pal,233_pescadao/shiny.pal,233_pescadao/candidate_profile.json
234,Loirinha,ghost/fairy,Specter,Arauna Cities,"Loirinha lives in Arauna Cities. This Ghost/Fairy POKéMON embodies a part of Brazil's nature, folklore, or culture.",68,82,70,75,72,78,Levitação | Alma Antiga,,Loura do banheiro,reference-front-plus-reconstructed-back,available,234_loirinha,234_loirinha/anim_front.png,234_loirinha/back.png,234_loirinha/icon.png,234_loirinha/normal.pal,234_loirinha/shiny.pal,234_loirinha/candidate_profile.json
235,Cuca,dark/psychic,Witch,Arauna Cerrado,"Cuca, the Witch POKéMON, inhabits Arauna Cerrado. Its Dark/Psychic nature reflects Brazil's wildlife and legends.",72,78,72,75,72,78,Intimidação | Cara de Mau,,Bruxa Cuca,reference-front-plus-reconstructed-back,available,235_cuca,235_cuca/anim_front.png,235_cuca/back.png,235_cuca/icon.png,235_cuca/normal.pal,235_cuca/shiny.pal,235_cuca/candidate_profile.json
236,Bicho-Papão,dark/ghost,Terror,Arauna Cities,"Found in Arauna Cities, Bicho-Papão is known as the Terror POKéMON. It carries a distinct Dark/Ghost affinity.",76,74,74,75,72,78,Intimidação | Cara de Mau,,Bicho papão,reference-front-plus-reconstructed-back,available,236_bicho-papao,236_bicho-papao/anim_front.png,236_bicho-papao/back.png,236_bicho-papao/icon.png,236_bicho-papao/normal.pal,236_bicho-papao/shiny.pal,236_bicho-papao/candidate_profile.json
237,Lobisomem,dark/normal,Cursed,Arauna Cerrado,"Lobisomem lives in Arauna Cerrado. This Dark/Normal POKéMON embodies a part of Brazil's nature, folklore, or culture.",69,81,70,75,72,78,Intimidação | Cara de Mau,,Lobisomem,reference-front-plus-reconstructed-back,available,237_lobisomem,237_lobisomem/anim_front.png,237_lobisomem/back.png,237_lobisomem/icon.png,237_lobisomem/normal.pal,237_lobisomem/shiny.pal,237_lobisomem/candidate_profile.json
238,Corpo-Seco,ghost/dark,Cursed,Arauna Cerrado,"Corpo-Seco, the Cursed POKéMON, inhabits Arauna Cerrado. Its Ghost/Dark nature reflects Brazil's wildlife and legends.",73,77,72,75,72,78,Levitação | Alma Antiga,,Corpo-seco,reference-front-plus-reconstructed-back,available,238_corpo-seco,238_corpo-seco/anim_front.png,238_corpo-seco/back.png,238_corpo-seco/icon.png,238_corpo-seco/normal.pal,238_corpo-seco/shiny.pal,238_corpo-seco/candidate_profile.json
239,Mão-Peluda,ghost/fighting,Haunting,Arauna Cities,"Found in Arauna Cities, Mão-Peluda is known as the Haunting POKéMON. It carries a distinct Ghost/Fighting affinity.",77,73,74,75,72,78,Levitação | Alma Antiga,,Mão-peluda,reference-front-plus-reconstructed-back,available,239_mao-peluda,239_mao-peluda/anim_front.png,239_mao-peluda/back.png,239_mao-peluda/icon.png,239_mao-peluda/normal.pal,239_mao-peluda/shiny.pal,239_mao-peluda/candidate_profile.json
240,Perna-Cabeluda,ghost/normal,Haunting,Arauna Cities,"Perna-Cabeluda lives in Arauna Cities. This Ghost/Normal POKéMON embodies a part of Brazil's nature, folklore, or culture.",70,80,71,75,72,78,Levitação | Alma Antiga,,Perna-cabeluda,reference-front-plus-reconstructed-back,available,240_perna-cabeluda,240_perna-cabeluda/anim_front.png,240_perna-cabeluda/back.png,240_perna-cabeluda/icon.png,240_perna-cabeluda/normal.pal,240_perna-cabeluda/shiny.pal,240_perna-cabeluda/candidate_profile.json
241,Comadre,ghost/fairy,Spirit,Arauna Cerrado,"Comadre, the Spirit POKéMON, inhabits Arauna Cerrado. Its Ghost/Fairy nature reflects Brazil's wildlife and legends.",74,76,73,75,72,78,Levitação | Alma Antiga,,Comadre-fulozinha,reference-front-plus-reconstructed-back,available,241_comadre,241_comadre/anim_front.png,241_comadre/back.png,241_comadre/icon.png,241_comadre/normal.pal,241_comadre/shiny.pal,241_comadre/candidate_profile.json
242,Anhangá,ghost/grass,Spirit,Arauna Amazon,"Found in Arauna Amazon, Anhangá is known as the Spirit POKéMON. It carries a distinct Ghost/Grass affinity.",67,83,69,75,72,78,Levitação | Alma Antiga,,Anhangá,reference-front-plus-reconstructed-back,available,242_anhanga,242_anhanga/anim_front.png,242_anhanga/back.png,242_anhanga/icon.png,242_anhanga/normal.pal,242_anhanga/shiny.pal,242_anhanga/candidate_profile.json
243,Jurupari,dark/fairy,God,Arauna Amazon,"Jurupari lives in Arauna Amazon. This Dark/Fairy POKéMON embodies a part of Brazil's nature, folklore, or culture.",94,111,94,110,100,95,Intimidação | Cara de Mau,,Jurupari,reference-front-plus-reconstructed-back,available,243_jurupari,243_jurupari/anim_front.png,243_jurupari/back.png,243_jurupari/icon.png,243_jurupari/normal.pal,243_jurupari/shiny.pal,243_jurupari/candidate_profile.json
244,Tupã,electric/dragon,Thunder,Arauna Highlands,"Tupã, the Thunder POKéMON, inhabits Arauna Highlands. Its Electric/Dragon nature reflects Brazil's wildlife and legends.",98,107,96,110,100,95,Estática | Motor Elétrico,,Tupã,reference-front-plus-reconstructed-back,available,244_tupa,244_tupa/anim_front.png,244_tupa/back.png,244_tupa/icon.png,244_tupa/normal.pal,244_tupa/shiny.pal,244_tupa/candidate_profile.json
245,Jaci,fairy/psychic,Lunar,Arauna Highlands,"Found in Arauna Highlands, Jaci is known as the Lunar POKéMON. It carries a distinct Fairy/Psychic affinity.",91,114,93,110,100,95,Encanto | Véu Mágico,,Jaci,reference-front-plus-reconstructed-back,available,245_jaci,245_jaci/anim_front.png,245_jaci/back.png,245_jaci/icon.png,245_jaci/normal.pal,245_jaci/shiny.pal,245_jaci/candidate_profile.json
246,Guaraci,fire/fairy,Solar,Arauna Highlands,"Guaraci lives in Arauna Highlands. This Fire/Fairy POKéMON embodies a part of Brazil's nature, folklore, or culture.",95,110,95,110,100,95,Chama | Corpo Flamejante,,Guaraci,reference-front-plus-reconstructed-back,available,246_guaraci,246_guaraci/anim_front.png,246_guaraci/back.png,246_guaraci/icon.png,246_guaraci/normal.pal,246_guaraci/shiny.pal,246_guaraci/candidate_profile.json
247,Rudá,fairy/psychic,Love,Arauna Coast,"Rudá, the Love POKéMON, inhabits Arauna Coast. Its Fairy/Psychic nature reflects Brazil's wildlife and legends.",76,74,74,75,72,78,Encanto | Véu Mágico,,Rudá,reference-front-plus-reconstructed-back,available,247_ruda,247_ruda/anim_front.png,247_ruda/back.png,247_ruda/icon.png,247_ruda/normal.pal,247_ruda/shiny.pal,247_ruda/candidate_profile.json
248,Aluá,water/poison,Ferment,Arauna Amazon,"Found in Arauna Amazon, Aluá is known as the Ferment POKéMON. It carries a distinct Water/Poison affinity.",69,81,70,75,72,78,Torrente | Corpo Molhado,,Aluá,reference-front-plus-reconstructed-back,available,248_alua,248_alua/anim_front.png,248_alua/back.png,248_alua/icon.png,248_alua/normal.pal,248_alua/shiny.pal,248_alua/candidate_profile.json
249,Jenipapo,dark/grass,Paint,Arauna Amazon,"Jenipapo lives in Arauna Amazon. This Dark/Grass POKéMON embodies a part of Brazil's nature, folklore, or culture.",73,77,72,75,72,78,Intimidação | Cara de Mau,,Espírito jenipapo,reference-front-plus-reconstructed-back,available,249_jenipapo,249_jenipapo/anim_front.png,249_jenipapo/back.png,249_jenipapo/icon.png,249_jenipapo/normal.pal,249_jenipapo/shiny.pal,249_jenipapo/candidate_profile.json
250,Urucum,fire/grass,Paint,Arauna Amazon,"Urucum, the Paint POKéMON, inhabits Arauna Amazon. Its Fire/Grass nature reflects Brazil's wildlife and legends.",77,73,74,75,72,78,Chama | Corpo Flamejante,,Espírito urucum,reference-front-plus-reconstructed-back,available,250_urucum,250_urucum/anim_front.png,250_urucum/back.png,250_urucum/icon.png,250_urucum/normal.pal,250_urucum/shiny.pal,250_urucum/candidate_profile.json
251,Caipora,grass/fighting,Hunter,Arauna Cerrado,"Found in Arauna Cerrado, Caipora is known as the Hunter POKéMON. It carries a distinct Grass/Fighting affinity.",83,102,87,95,90,95,Espessura | Colheita,,Caipora,reference-front-plus-reconstructed-back,available,251_caipora,251_caipora/anim_front.png,251_caipora/back.png,251_caipora/icon.png,251_caipora/normal.pal,251_caipora/shiny.pal,251_caipora/candidate_profile.json
252,Anhangá-Pitã,ghost/fire,Spirit,Arauna Amazon,"Anhangá-Pitã lives in Arauna Amazon. This Ghost/Fire POKéMON embodies a part of Brazil's nature, folklore, or culture.",74,76,73,75,72,78,Levitação | Alma Antiga,,Anhangá vermelho,reference-front-plus-reconstructed-back,available,252_anhanga-pita,252_anhanga-pita/anim_front.png,252_anhanga-pita/back.png,252_anhanga-pita/icon.png,252_anhanga-pita/normal.pal,252_anhanga-pita/shiny.pal,252_anhanga-pita/candidate_profile.json
253,Yara-Pindá,water/fairy,Fisher,Arauna Amazon,"Yara-Pindá, the Fisher POKéMON, inhabits Arauna Amazon. Its Water/Fairy nature reflects Brazil's wildlife and legends.",67,83,69,75,72,78,Torrente | Corpo Molhado,,Yara pescadora,reference-front-plus-reconstructed-back,available,253_yara-pinda,253_yara-pinda/anim_front.png,253_yara-pinda/back.png,253_yara-pinda/icon.png,253_yara-pinda/normal.pal,253_yara-pinda/shiny.pal,253_yara-pinda/candidate_profile.json
254,Pisadeira,ghost/fighting,Haunting,Arauna Cities,"Found in Arauna Cities, Pisadeira is known as the Haunting POKéMON. It carries a distinct Ghost/Fighting affinity.",71,79,71,75,72,78,Levitação | Alma Antiga,,Pisadeira,reference-front-plus-reconstructed-back,available,254_pisadeira,254_pisadeira/anim_front.png,254_pisadeira/back.png,254_pisadeira/icon.png,254_pisadeira/normal.pal,254_pisadeira/shiny.pal,254_pisadeira/candidate_profile.json
255,Zumbi,ghost/fighting,Warrior,Arauna Highlands,"Zumbi lives in Arauna Highlands. This Ghost/Fighting POKéMON embodies a part of Brazil's nature, folklore, or culture.",98,107,96,110,100,95,Levitação | Alma Antiga,,Zumbi de senzala,reference-front-plus-reconstructed-back,available,255_zumbi,255_zumbi/anim_front.png,255_zumbi/back.png,255_zumbi/icon.png,255_zumbi/normal.pal,255_zumbi/shiny.pal,255_zumbi/candidate_profile.json
256,Iemanjá-Pequena,water/fairy,Mother,Arauna Coast,"Iemanjá-Pequena, the Mother POKéMON, inhabits Arauna Coast. Its Water/Fairy nature reflects Brazil's wildlife and legends.",68,82,70,75,72,78,Torrente | Corpo Molhado,,Iemanjá jovem,reference-front-plus-reconstructed-back,available,256_iemanja-pequena,256_iemanja-pequena/anim_front.png,256_iemanja-pequena/back.png,256_iemanja-pequena/icon.png,256_iemanja-pequena/normal.pal,256_iemanja-pequena/shiny.pal,256_iemanja-pequena/candidate_profile.json
257,Ossanha,grass/fairy,Herbal,Arauna Atlantic Forest,"Found in Arauna Atlantic Forest, Ossanha is known as the Herbal POKéMON. It carries a distinct Grass/Fairy affinity.",72,78,72,75,72,78,Espessura | Colheita,,Ossanha,reference-front-plus-reconstructed-back,available,257_ossanha,257_ossanha/anim_front.png,257_ossanha/back.png,257_ossanha/icon.png,257_ossanha/normal.pal,257_ossanha/shiny.pal,257_ossanha/candidate_profile.json
258,Oxalá,normal/fairy,Creator,Arauna Highlands,"Oxalá lives in Arauna Highlands. This Normal/Fairy POKéMON embodies a part of Brazil's nature, folklore, or culture.",99,106,97,110,100,95,Faro | Placidez,,Oxalá,reference-front-plus-reconstructed-back,available,258_oxala,258_oxala/anim_front.png,258_oxala/back.png,258_oxala/icon.png,258_oxala/normal.pal,258_oxala/shiny.pal,258_oxala/candidate_profile.json
259,Saciamigo,dark/fairy,Prankster,Arauna Cerrado,"Saciamigo, the Prankster POKéMON, inhabits Arauna Cerrado. Its Dark/Fairy nature reflects Brazil's wildlife and legends.",69,81,70,75,72,78,Intimidação | Cara de Mau,,Saci pequeno,reference-front-plus-reconstructed-back,available,259_saciamigo,259_saciamigo/anim_front.png,259_saciamigo/back.png,259_saciamigo/icon.png,259_saciamigo/normal.pal,259_saciamigo/shiny.pal,259_saciamigo/candidate_profile.json
260,Sacipererê,dark/fairy,Prankster,Arauna Cerrado,"Found in Arauna Cerrado, Sacipererê is known as the Prankster POKéMON. It carries a distinct Dark/Fairy affinity.",96,109,95,110,100,95,Intimidação | Cara de Mau,,Saci adulto lendário,reference-front-plus-reconstructed-back,available,260_saciperere,260_saciperere/anim_front.png,260_saciperere/back.png,260_saciperere/icon.png,260_saciperere/normal.pal,260_saciperere/shiny.pal,260_saciperere/candidate_profile.json
261,Curupira-Ancião,grass/fairy,Guardian,Arauna Amazon,"Curupira-Ancião lives in Arauna Amazon. This Grass/Fairy POKéMON embodies a part of Brazil's nature, folklore, or culture.",77,73,74,75,72,78,Espessura | Colheita,,Curupira ancião,reference-front-plus-reconstructed-back,available,261_curupira-anciao,261_curupira-anciao/anim_front.png,261_curupira-anciao/back.png,261_curupira-anciao/icon.png,261_curupira-anciao/normal.pal,261_curupira-anciao/shiny.pal,261_curupira-anciao/candidate_profile.json
262,Caipora-Fêmea,grass/fighting,Huntress,Arauna Cerrado,"Caipora-Fêmea, the Huntress POKéMON, inhabits Arauna Cerrado. Its Grass/Fighting nature reflects Brazil's wildlife and legends.",70,80,71,75,72,78,Espessura | Colheita,,Caipora fêmea,reference-front-plus-reconstructed-back,available,262_caipora-femea,262_caipora-femea/anim_front.png,262_caipora-femea/back.png,262_caipora-femea/icon.png,262_caipora-femea/normal.pal,262_caipora-femea/shiny.pal,262_caipora-femea/candidate_profile.json
263,Pomba-Gira,dark/fairy,Enchantress,Arauna Cities,"Found in Arauna Cities, Pomba-Gira is known as the Enchantress POKéMON. It carries a distinct Dark/Fairy affinity.",74,76,73,75,72,78,Intimidação | Cara de Mau,,Pomba-gira,reference-front-plus-reconstructed-back,available,263_pomba-gira,263_pomba-gira/anim_front.png,263_pomba-gira/back.png,263_pomba-gira/icon.png,263_pomba-gira/normal.pal,263_pomba-gira/shiny.pal,263_pomba-gira/candidate_profile.json
264,Exu,dark/fighting,Messenger,Arauna Cities,"Exu lives in Arauna Cities. This Dark/Fighting POKéMON embodies a part of Brazil's nature, folklore, or culture.",67,83,69,75,72,78,Intimidação | Cara de Mau,,Exu mensageiro,reference-front-plus-reconstructed-back,available,264_exu,264_exu/anim_front.png,264_exu/back.png,264_exu/icon.png,264_exu/normal.pal,264_exu/shiny.pal,264_exu/candidate_profile.json
265,Preto-Velho,ghost/psychic,Sage,Arauna Cities,"Preto-Velho, the Sage POKéMON, inhabits Arauna Cities. Its Ghost/Psychic nature reflects Brazil's wildlife and legends.",94,111,94,110,100,95,Levitação | Alma Antiga,,Preto-velho sábio,reference-front-plus-reconstructed-back,available,265_preto-velho,265_preto-velho/anim_front.png,265_preto-velho/back.png,265_preto-velho/icon.png,265_preto-velho/normal.pal,265_preto-velho/shiny.pal,265_preto-velho/candidate_profile.json
266,Caboclo-Guerreiro,grass/fighting,Warrior,Arauna Atlantic Forest,"Found in Arauna Atlantic Forest, Caboclo-Guerreiro is known as the Warrior POKéMON. It carries a distinct Grass/Fighting affinity.",75,75,73,75,72,78,Espessura | Colheita,,Caboclo guerreiro,reference-front-plus-reconstructed-back,available,266_caboclo-guerreiro,266_caboclo-guerreiro/anim_front.png,266_caboclo-guerreiro/back.png,266_caboclo-guerreiro/icon.png,266_caboclo-guerreiro/normal.pal,266_caboclo-guerreiro/shiny.pal,266_caboclo-guerreiro/candidate_profile.json
267,Marinheiro,water/dark,Sailor,Arauna Coast,"Marinheiro lives in Arauna Coast. This Water/Dark POKéMON embodies a part of Brazil's nature, folklore, or culture.",68,82,70,75,72,78,Torrente | Corpo Molhado,,Espírito marinheiro,reference-front-plus-reconstructed-back,available,267_marinheiro,267_marinheiro/anim_front.png,267_marinheiro/back.png,267_marinheiro/icon.png,267_marinheiro/normal.pal,267_marinheiro/shiny.pal,267_marinheiro/candidate_profile.json
268,Baiano,fire/fighting,Joy,Arauna Coast,"Baiano, the Joy POKéMON, inhabits Arauna Coast. Its Fire/Fighting nature reflects Brazil's wildlife and legends.",72,78,72,75,72,78,Chama | Corpo Flamejante,,Espírito baiano,reference-front-plus-reconstructed-back,available,268_baiano,268_baiano/anim_front.png,268_baiano/back.png,268_baiano/icon.png,268_baiano/normal.pal,268_baiano/shiny.pal,268_baiano/candidate_profile.json
269,Cangaceiro,dark/fighting,Bandit,Arauna Caatinga,"Found in Arauna Caatinga, Cangaceiro is known as the Bandit POKéMON. It carries a distinct Dark/Fighting affinity.",76,74,74,75,72,78,Intimidação | Cara de Mau,,Espírito cangaceiro,reference-front-plus-reconstructed-back,available,269_cangaceiro,269_cangaceiro/anim_front.png,269_cangaceiro/back.png,269_cangaceiro/icon.png,269_cangaceiro/normal.pal,269_cangaceiro/shiny.pal,269_cangaceiro/candidate_profile.json
270,Beata,fairy/psychic,Devout,Arauna Caatinga,"Beata lives in Arauna Caatinga. This Fairy/Psychic POKéMON embodies a part of Brazil's nature, folklore, or culture.",69,81,70,75,72,78,Encanto | Véu Mágico,,Espírito beato,reference-front-plus-reconstructed-back,available,270_beata,270_beata/anim_front.png,270_beata/back.png,270_beata/icon.png,270_beata/normal.pal,270_beata/shiny.pal,270_beata/candidate_profile.json
271,Menino-Deus,fairy/normal,Divine,Arauna Cerrado,"Menino-Deus, the Divine POKéMON, inhabits Arauna Cerrado. Its Fairy/Normal nature reflects Brazil's wildlife and legends.",73,77,72,75,72,78,Encanto | Véu Mágico,,Menino-Deus,reference-front-plus-reconstructed-back,available,271_menino-deus,271_menino-deus/anim_front.png,271_menino-deus/back.png,271_menino-deus/icon.png,271_menino-deus/normal.pal,271_menino-deus/shiny.pal,271_menino-deus/candidate_profile.json
272,Rei-Momo,normal/fire,Reveler,Arauna Cities,"Found in Arauna Cities, Rei-Momo is known as the Reveler POKéMON. It carries a distinct Normal/Fire affinity.",77,73,74,75,72,78,Faro | Placidez,,Rei Momo,reference-front-plus-reconstructed-back,available,272_rei-momo,272_rei-momo/anim_front.png,272_rei-momo/back.png,272_rei-momo/icon.png,272_rei-momo/normal.pal,272_rei-momo/shiny.pal,272_rei-momo/candidate_profile.json
273,Bumba-Meu-Boi,normal/fire,Reveler,Arauna Amazon,"Bumba-Meu-Boi lives in Arauna Amazon. This Normal/Fire POKéMON embodies a part of Brazil's nature, folklore, or culture.",70,80,71,75,72,78,Faro | Placidez,,Boi bumbá,reference-front-plus-reconstructed-back,available,273_bumba-meu-boi,273_bumba-meu-boi/anim_front.png,273_bumba-meu-boi/back.png,273_bumba-meu-boi/icon.png,273_bumba-meu-boi/normal.pal,273_bumba-meu-boi/shiny.pal,273_bumba-meu-boi/candidate_profile.json
274,Reisado,fairy/normal,Reveler,Arauna Caatinga,"Reisado, the Reveler POKéMON, inhabits Arauna Caatinga. Its Fairy/Normal nature reflects Brazil's wildlife and legends.",74,76,73,75,72,78,Encanto | Véu Mágico,,Espírito reisado,reference-front-plus-reconstructed-back,available,274_reisado,274_reisado/anim_front.png,274_reisado/back.png,274_reisado/icon.png,274_reisado/normal.pal,274_reisado/shiny.pal,274_reisado/candidate_profile.json
275,Frevinho,fighting/fire,Dancer,Arauna Coast,"Found in Arauna Coast, Frevinho is known as the Dancer POKéMON. It carries a distinct Fighting/Fire affinity.",67,83,69,75,72,78,Determinação | Coragem,,Espírito frevo,reference-front-plus-reconstructed-back,available,275_frevinho,275_frevinho/anim_front.png,275_frevinho/back.png,275_frevinho/icon.png,275_frevinho/normal.pal,275_frevinho/shiny.pal,275_frevinho/candidate_profile.json
276,Maracatu,dark/fairy,Procession,Arauna Coast,"Maracatu lives in Arauna Coast. This Dark/Fairy POKéMON embodies a part of Brazil's nature, folklore, or culture.",71,79,71,75,72,78,Intimidação | Cara de Mau,,Espírito maracatu,reference-front-plus-reconstructed-back,available,276_maracatu,276_maracatu/anim_front.png,276_maracatu/back.png,276_maracatu/icon.png,276_maracatu/normal.pal,276_maracatu/shiny.pal,276_maracatu/candidate_profile.json
277,Congada,fighting/fire,Warrior,Arauna Cerrado,"Congada, the Warrior POKéMON, inhabits Arauna Cerrado. Its Fighting/Fire nature reflects Brazil's wildlife and legends.",75,75,73,75,72,78,Determinação | Coragem,,Espírito congada,reference-front-plus-reconstructed-back,available,277_congada,277_congada/anim_front.png,277_congada/back.png,277_congada/icon.png,277_congada/normal.pal,277_congada/shiny.pal,277_congada/candidate_profile.json
278,Folião,normal/fairy,Reveler,Arauna Cities,"Found in Arauna Cities, Folião is known as the Reveler POKéMON. It carries a distinct Normal/Fairy affinity.",68,82,70,75,72,78,Faro | Placidez,,Espírito folião,reference-front-plus-reconstructed-back,available,278_foliao,278_foliao/anim_front.png,278_foliao/back.png,278_foliao/icon.png,278_foliao/normal.pal,278_foliao/shiny.pal,278_foliao/candidate_profile.json
279,Onçuma,dark/ghost,Huntress,Arauna Amazon,"Onçuma lives in Arauna Amazon. This Dark/Ghost POKéMON embodies a part of Brazil's nature, folklore, or culture.",95,110,95,110,100,95,Intimidação | Cara de Mau,,Onça-preta espectral,reference-front-plus-reconstructed-back,available,279_oncuma,279_oncuma/anim_front.png,279_oncuma/back.png,279_oncuma/icon.png,279_oncuma/normal.pal,279_oncuma/shiny.pal,279_oncuma/candidate_profile.json
280,Sucuriaçu,water/dragon,Great-Snake,Arauna Amazon,"Sucuriaçu, the Great-Snake POKéMON, inhabits Arauna Amazon. Its Water/Dragon nature reflects Brazil's wildlife and legends.",99,106,97,110,100,95,Torrente | Corpo Molhado,,Sucuri anciã,reference-front-plus-reconstructed-back,available,280_sucuriacu,280_sucuriacu/anim_front.png,280_sucuriacu/back.png,280_sucuriacu/icon.png,280_sucuriacu/normal.pal,280_sucuriacu/shiny.pal,280_sucuriacu/candidate_profile.json
281,Pirarumbá,water/dragon,Fish,Arauna Amazon,"Found in Arauna Amazon, Pirarumbá is known as the Fish POKéMON. It carries a distinct Water/Dragon affinity.",92,113,93,110,100,95,Torrente | Corpo Molhado,,Pirarucu ancestral,reference-front-plus-reconstructed-back,available,281_pirarumba,281_pirarumba/anim_front.png,281_pirarumba/back.png,281_pirarumba/icon.png,281_pirarumba/normal.pal,281_pirarumba/shiny.pal,281_pirarumba/candidate_profile.json
282,Draguará-Alfa,fire/dragon,Dragon-Dog,Arauna Highlands,"Draguará-Alfa lives in Arauna Highlands. This Fire/Dragon POKéMON embodies a part of Brazil's nature, folklore, or culture.",96,109,95,110,100,95,Chama | Corpo Flamejante,,Draguará dominante,reference-front-plus-reconstructed-back,available,282_draguara-alfa,282_draguara-alfa/anim_front.png,282_draguara-alfa/back.png,282_draguara-alfa/icon.png,282_draguara-alfa/normal.pal,282_draguara-alfa/shiny.pal,282_draguara-alfa/candidate_profile.json
283,Terolibra-Rainha,water/bug,Queen,Arauna Wetlands,"Terolibra-Rainha, the Queen POKéMON, inhabits Arauna Wetlands. Its Water/Bug nature reflects Brazil's wildlife and legends.",100,105,97,110,100,95,Torrente | Corpo Molhado,,Terolibra rainha,reference-front-plus-reconstructed-back,available,283_terolibra-rainha,283_terolibra-rainha/anim_front.png,283_terolibra-rainha/back.png,283_terolibra-rainha/icon.png,283_terolibra-rainha/normal.pal,283_terolibra-rainha/shiny.pal,283_terolibra-rainha/candidate_profile.json
284,Petropico-Ancião,grass/rock,Sculptor,Arauna Plateaus,"Found in Arauna Plateaus, Petropico-Ancião is known as the Sculptor POKéMON. It carries a distinct Grass/Rock affinity.",93,112,94,110,100,95,Espessura | Colheita,,Petropico ancião,reference-front-plus-reconstructed-back,available,284_petropico-anciao,284_petropico-anciao/anim_front.png,284_petropico-anciao/back.png,284_petropico-anciao/icon.png,284_petropico-anciao/normal.pal,284_petropico-anciao/shiny.pal,284_petropico-anciao/candidate_profile.json
285,Boitatá-Puro,fire/dragon,Fire-Snake,Arauna Cerrado,"Boitatá-Puro lives in Arauna Cerrado. This Fire/Dragon POKéMON embodies a part of Brazil's nature, folklore, or culture.",97,108,96,110,100,95,Chama | Corpo Flamejante,,Boitatá lendário,reference-front-plus-reconstructed-back,available,285_boitata-puro,285_boitata-puro/anim_front.png,285_boitata-puro/back.png,285_boitata-puro/icon.png,285_boitata-puro/normal.pal,285_boitata-puro/shiny.pal,285_boitata-puro/candidate_profile.json
286,Iara-Mãe,water/fairy,Goddess,Arauna Amazon,"Iara-Mãe, the Goddess POKéMON, inhabits Arauna Amazon. Its Water/Fairy nature reflects Brazil's wildlife and legends.",90,115,92,110,100,95,Torrente | Corpo Molhado,,Iara ancestral,reference-front-plus-reconstructed-back,available,286_iara-mae,286_iara-mae/anim_front.png,286_iara-mae/back.png,286_iara-mae/icon.png,286_iara-mae/normal.pal,286_iara-mae/shiny.pal,286_iara-mae/candidate_profile.json
287,Curupira-Rei,grass/fairy,King,Arauna Atlantic Forest,"Found in Arauna Atlantic Forest, Curupira-Rei is known as the King POKéMON. It carries a distinct Grass/Fairy affinity.",94,111,94,110,100,95,Espessura | Colheita,,Curupira rei,reference-front-plus-reconstructed-back,available,287_curupira-rei,287_curupira-rei/anim_front.png,287_curupira-rei/back.png,287_curupira-rei/icon.png,287_curupira-rei/normal.pal,287_curupira-rei/shiny.pal,287_curupira-rei/candidate_profile.json
288,Saci-Rei,dark/fairy,King,Arauna Cerrado,"Saci-Rei lives in Arauna Cerrado. This Dark/Fairy POKéMON embodies a part of Brazil's nature, folklore, or culture.",98,107,96,110,100,95,Intimidação | Cara de Mau,,Saci rei,reference-front-plus-reconstructed-back,available,288_saci-rei,288_saci-rei/anim_front.png,288_saci-rei/back.png,288_saci-rei/icon.png,288_saci-rei/normal.pal,288_saci-rei/shiny.pal,288_saci-rei/candidate_profile.json
289,Anhangaú,ghost/grass,Supreme,Arauna Amazon,"Anhangaú, the Supreme POKéMON, inhabits Arauna Amazon. Its Ghost/Grass nature reflects Brazil's wildlife and legends.",91,114,93,110,100,95,Levitação | Alma Antiga,,Anhangá supremo,reference-front-plus-reconstructed-back,available,289_anhangau,289_anhangau/anim_front.png,289_anhangau/back.png,289_anhangau/icon.png,289_anhangau/normal.pal,289_anhangau/shiny.pal,289_anhangau/candidate_profile.json
290,Muirá-Kytã,grass/fairy,Ancestral,Arauna Amazon,"Found in Arauna Amazon, Muirá-Kytã is known as the Ancestral POKéMON. It carries a distinct Grass/Fairy affinity.",95,110,95,110,100,95,Espessura | Colheita,,Espírito Muirá,reference-front-plus-reconstructed-back,available,290_muira-kyta,290_muira-kyta/anim_front.png,290_muira-kyta/back.png,290_muira-kyta/icon.png,290_muira-kyta/normal.pal,290_muira-kyta/shiny.pal,290_muira-kyta/candidate_profile.json
291,Cobra-Norato,water/dragon,Serpent,Arauna Amazon,"Cobra-Norato lives in Arauna Amazon. This Water/Dragon POKéMON embodies a part of Brazil's nature, folklore, or culture.",99,106,97,110,100,95,Torrente | Corpo Molhado,,Cobra Norato,reference-front-plus-reconstructed-back,available,291_cobra-norato,291_cobra-norato/anim_front.png,291_cobra-norato/back.png,291_cobra-norato/icon.png,291_cobra-norato/normal.pal,291_cobra-norato/shiny.pal,291_cobra-norato/candidate_profile.json
292,Mapinguari,grass/fighting,Terror,Arauna Amazon,"Mapinguari, the Terror POKéMON, inhabits Arauna Amazon. Its Grass/Fighting nature reflects Brazil's wildlife and legends.",92,113,93,110,100,95,Espessura | Colheita,,Mapinguari,reference-front-plus-reconstructed-back,available,292_mapinguari,292_mapinguari/anim_front.png,292_mapinguari/back.png,292_mapinguari/icon.png,292_mapinguari/normal.pal,292_mapinguari/shiny.pal,292_mapinguari/candidate_profile.json
293,Ipupiara,water/dark,Marine,Arauna Coast,"Found in Arauna Coast, Ipupiara is known as the Marine POKéMON. It carries a distinct Water/Dark affinity.",96,109,95,110,100,95,Torrente | Corpo Molhado,,Ipupiara marinho,reference-front-plus-reconstructed-back,available,293_ipupiara,293_ipupiara/anim_front.png,293_ipupiara/back.png,293_ipupiara/icon.png,293_ipupiara/normal.pal,293_ipupiara/shiny.pal,293_ipupiara/candidate_profile.json
294,Uirapuru,flying/fairy,Miracle,Arauna Amazon,"Uirapuru lives in Arauna Amazon. This Flying/Fairy POKéMON embodies a part of Brazil's nature, folklore, or culture.",100,105,97,110,100,95,Vista Aguçada | Vento Veloz,,Uirapuru cantor,reference-front-plus-reconstructed-back,available,294_uirapuru,294_uirapuru/anim_front.png,294_uirapuru/back.png,294_uirapuru/icon.png,294_uirapuru/normal.pal,294_uirapuru/shiny.pal,294_uirapuru/candidate_profile.json
295,Muiraquitã,rock/fairy,Charm,Arauna Amazon,"Muiraquitã, the Charm POKéMON, inhabits Arauna Amazon. Its Rock/Fairy nature reflects Brazil's wildlife and legends.",93,112,94,110,100,95,Corpo Rochoso | Poeira,,Amuleto Muiraquitã,reference-front-plus-reconstructed-back,available,295_muiraquita,295_muiraquita/anim_front.png,295_muiraquita/back.png,295_muiraquita/icon.png,295_muiraquita/normal.pal,295_muiraquita/shiny.pal,295_muiraquita/candidate_profile.json
296,Amazona,fighting/fairy,Warrior,Arauna Amazon,"Found in Arauna Amazon, Amazona is known as the Warrior POKéMON. It carries a distinct Fighting/Fairy affinity.",97,108,96,110,100,95,Determinação | Coragem,,Guerreira Icamiaba,reference-front-plus-reconstructed-back,available,296_amazona,296_amazona/anim_front.png,296_amazona/back.png,296_amazona/icon.png,296_amazona/normal.pal,296_amazona/shiny.pal,296_amazona/candidate_profile.json
297,Corcovado-Ancião,rock/dragon,Mountain,Arauna Highlands,"Corcovado-Ancião lives in Arauna Highlands. This Rock/Dragon POKéMON embodies a part of Brazil's nature, folklore, or culture.",90,115,92,110,100,95,Corpo Rochoso | Poeira,,Corcovado ancião,reference-front-plus-reconstructed-back,available,297_corcovado-anciao,297_corcovado-anciao/anim_front.png,297_corcovado-anciao/back.png,297_corcovado-anciao/icon.png,297_corcovado-anciao/normal.pal,297_corcovado-anciao/shiny.pal,297_corcovado-anciao/candidate_profile.json
298,Cristo,fairy/psychic,Redeemer,Arauna Highlands,"Cristo, the Redeemer POKéMON, inhabits Arauna Highlands. Its Fairy/Psychic nature reflects Brazil's wildlife and legends.",94,111,94,110,100,95,Encanto | Véu Mágico,,Espírito do redentor,reference-front-plus-reconstructed-back,available,298_cristo,298_cristo/anim_front.png,298_cristo/back.png,298_cristo/icon.png,298_cristo/normal.pal,298_cristo/shiny.pal,298_cristo/candidate_profile.json
299,Ratão,dark/poison,Rat,Arauna Cities,"Found in Arauna Cities, Ratão is known as the Rat POKéMON. It carries a distinct Dark/Poison affinity.",75,75,73,75,72,78,Intimidação | Cara de Mau,,Ratazana urbana,reference-front-plus-reconstructed-back,available,299_ratao,299_ratao/anim_front.png,299_ratao/back.png,299_ratao/icon.png,299_ratao/normal.pal,299_ratao/shiny.pal,299_ratao/candidate_profile.json
300,Pombim,flying/normal,Pigeon,Arauna Cities,"Pombim lives in Arauna Cities. This Flying/Normal POKéMON embodies a part of Brazil's nature, folklore, or culture.",41,54,43,45,45,55,Vista Aguçada | Vento Veloz,#302 (Level 16),Pomba urbana,reference-front-plus-reconstructed-back,available,300_pombim,300_pombim/anim_front.png,300_pombim/back.png,300_pombim/icon.png,300_pombim/normal.pal,300_pombim/shiny.pal,300_pombim/candidate_profile.json
301,Pombão,flying/poison,Pigeon,Arauna Cities,"Pombão, the Pigeon POKéMON, inhabits Arauna Cities. Its Flying/Poison nature reflects Brazil's wildlife and legends.",85,100,88,95,90,95,Vista Aguçada | Vento Veloz,,Pombão urbano,reference-front-plus-reconstructed-back,available,301_pombao,301_pombao/anim_front.png,301_pombao/back.png,301_pombao/icon.png,301_pombao/normal.pal,301_pombao/shiny.pal,301_pombao/candidate_profile.json
302,Baratão,bug/flying,Terror,Arauna Cities,"Found in Arauna Cities, Baratão is known as the Terror POKéMON. It carries a distinct Bug/Flying affinity.",76,74,74,75,72,78,Enxame | Olho Composto,,Barata voadora,reference-front-plus-reconstructed-back,available,302_baratao,302_baratao/anim_front.png,302_baratao/back.png,302_baratao/icon.png,302_baratao/normal.pal,302_baratao/shiny.pal,302_baratao/candidate_profile.json
303,Mosquim,bug/poison,Vector,Arauna Cities,"Mosquim lives in Arauna Cities. This Bug/Poison POKéMON embodies a part of Brazil's nature, folklore, or culture.",69,81,70,75,72,78,Enxame | Olho Composto,,Mosquito da dengue,reference-front-plus-reconstructed-back,available,303_mosquim,303_mosquim/anim_front.png,303_mosquim/back.png,303_mosquim/icon.png,303_mosquim/normal.pal,303_mosquim/shiny.pal,303_mosquim/candidate_profile.json
304,Cão-Bravo,dark/normal,Street,Arauna Cities,"Cão-Bravo, the Street POKéMON, inhabits Arauna Cities. Its Dark/Normal nature reflects Brazil's wildlife and legends.",73,77,72,75,72,78,Intimidação | Cara de Mau,,Cão de rua bravo,reference-front-plus-reconstructed-back,available,304_cao-bravo,304_cao-bravo/anim_front.png,304_cao-bravo/back.png,304_cao-bravo/icon.png,304_cao-bravo/normal.pal,304_cao-bravo/shiny.pal,304_cao-bravo/candidate_profile.json
305,Gato-Preto,dark/psychic,Bad-Omen,Arauna Cities,"Found in Arauna Cities, Gato-Preto is known as the Bad-Omen POKéMON. It carries a distinct Dark/Psychic affinity.",77,73,74,75,72,78,Intimidação | Cara de Mau,,Gato preto,reference-front-plus-reconstructed-back,available,305_gato-preto,305_gato-preto/anim_front.png,305_gato-preto/back.png,305_gato-preto/icon.png,305_gato-preto/normal.pal,305_gato-preto/shiny.pal,305_gato-preto/candidate_profile.json
306,Perereca,water/poison,Amphibian,Arauna Cities,"Perereca lives in Arauna Cities. This Water/Poison POKéMON embodies a part of Brazil's nature, folklore, or culture.",70,80,71,75,72,78,Torrente | Corpo Molhado,,Perereca-de-banheiro,reference-front-plus-reconstructed-back,available,306_perereca,306_perereca/anim_front.png,306_perereca/back.png,306_perereca/icon.png,306_perereca/normal.pal,306_perereca/shiny.pal,306_perereca/candidate_profile.json
307,Lagartixa,normal/psychic,Wall,Arauna Cities,"Lagartixa, the Wall POKéMON, inhabits Arauna Cities. Its Normal/Psychic nature reflects Brazil's wildlife and legends.",74,76,73,75,72,78,Faro | Placidez,,Lagartixa doméstica,reference-front-plus-reconstructed-back,available,307_lagartixa,307_lagartixa/anim_front.png,307_lagartixa/back.png,307_lagartixa/icon.png,307_lagartixa/normal.pal,307_lagartixa/shiny.pal,307_lagartixa/candidate_profile.json
308,Traça-Papel,bug/psychic,Scholar,Arauna Cities,"Found in Arauna Cities, Traça-Papel is known as the Scholar POKéMON. It carries a distinct Bug/Psychic affinity.",67,83,69,75,72,78,Enxame | Olho Composto,,Traça de biblioteca,reference-front-plus-reconstructed-back,available,308_traca-papel,308_traca-papel/anim_front.png,308_traca-papel/back.png,308_traca-papel/icon.png,308_traca-papel/normal.pal,308_traca-papel/shiny.pal,308_traca-papel/candidate_profile.json
309,Poeirão,ground/dark,Dust,Arauna Cities,"Poeirão lives in Arauna Cities. This Ground/Dark POKéMON embodies a part of Brazil's nature, folklore, or culture.",71,79,71,75,72,78,Escavador | Nuvem de Areia,,Poeira acumulada,reference-front-plus-reconstructed-back,available,309_poeirao,309_poeirao/anim_front.png,309_poeirao/back.png,309_poeirao/icon.png,309_poeirao/normal.pal,309_poeirao/shiny.pal,309_poeirao/candidate_profile.json
310,Ferrugem,steel/water,Corrosion,Arauna Cities,"Ferrugem, the Corrosion POKéMON, inhabits Arauna Cities. Its Steel/Water nature reflects Brazil's wildlife and legends.",75,75,73,75,72,78,Corpo Metálico | Ponto Fraco,,Ferrugem viva,reference-front-plus-reconstructed-back,available,310_ferrugem,310_ferrugem/anim_front.png,310_ferrugem/back.png,310_ferrugem/icon.png,310_ferrugem/normal.pal,310_ferrugem/shiny.pal,310_ferrugem/candidate_profile.json
311,Fumacento,poison/flying,Pollution,Arauna Cities,"Found in Arauna Cities, Fumacento is known as the Pollution POKéMON. It carries a distinct Poison/Flying affinity.",68,82,70,75,72,78,Ponto Cego | Corpo Fedido,,Fumaça de escape,reference-front-plus-reconstructed-back,available,311_fumacento,311_fumacento/anim_front.png,311_fumacento/back.png,311_fumacento/icon.png,311_fumacento/normal.pal,311_fumacento/shiny.pal,311_fumacento/candidate_profile.json
312,Óleoso,poison/water,Stain,Arauna Coast,"Óleoso lives in Arauna Coast. This Poison/Water POKéMON embodies a part of Brazil's nature, folklore, or culture.",72,78,72,75,72,78,Ponto Cego | Corpo Fedido,,Mancha de óleo,reference-front-plus-reconstructed-back,available,312_oleoso,312_oleoso/anim_front.png,312_oleoso/back.png,312_oleoso/icon.png,312_oleoso/normal.pal,312_oleoso/shiny.pal,312_oleoso/candidate_profile.json
313,Lixão,poison/ground,Dump,Arauna Cities,"Lixão, the Dump POKéMON, inhabits Arauna Cities. Its Poison/Ground nature reflects Brazil's wildlife and legends.",49,46,47,45,45,55,Ponto Cego | Corpo Fedido,#316 (Level 22),Pilha de lixo,reference-front-plus-reconstructed-back,available,313_lixao,313_lixao/anim_front.png,313_lixao/back.png,313_lixao/icon.png,313_lixao/normal.pal,313_lixao/shiny.pal,313_lixao/candidate_profile.json
314,Chorume,poison/dark,Leachate,Arauna Cities,"Found in Arauna Cities, Chorume is known as the Leachate POKéMON. It carries a distinct Poison/Dark affinity.",82,103,86,95,90,95,Ponto Cego | Corpo Fedido,,Chorume tóxico,reference-front-plus-reconstructed-back,available,314_chorume,314_chorume/anim_front.png,314_chorume/back.png,314_chorume/icon.png,314_chorume/normal.pal,314_chorume/shiny.pal,314_chorume/candidate_profile.json
315,Bituca,fire/poison,Litter,Arauna Cities,"Bituca lives in Arauna Cities. This Fire/Poison POKéMON embodies a part of Brazil's nature, folklore, or culture.",73,77,72,75,72,78,Chama | Corpo Flamejante,,Bituca de cigarro,procedural-concept-front-and-back,missing-created-from-dex-data,315_bituca,315_bituca/anim_front.png,315_bituca/back.png,315_bituca/icon.png,315_bituca/normal.pal,315_bituca/shiny.pal,315_bituca/candidate_profile.json
316,Latinha,steel/normal,Recycler,Arauna Cities,"Latinha, the Recycler POKéMON, inhabits Arauna Cities. Its Steel/Normal nature reflects Brazil's wildlife and legends.",77,73,74,75,72,78,Corpo Metálico | Ponto Fraco,,Lata amassada,procedural-concept-front-and-back,missing-created-from-dex-data,316_latinha,316_latinha/anim_front.png,316_latinha/back.png,316_latinha/icon.png,316_latinha/normal.pal,316_latinha/shiny.pal,316_latinha/candidate_profile.json
317,Sacolim,poison/flying,Pollution,Arauna Cities,"Found in Arauna Cities, Sacolim is known as the Pollution POKéMON. It carries a distinct Poison/Flying affinity.",70,80,71,75,72,78,Ponto Cego | Corpo Fedido,,Sacola plástica,procedural-concept-front-and-back,missing-created-from-dex-data,317_sacolim,317_sacolim/anim_front.png,317_sacolim/back.png,317_sacolim/icon.png,317_sacolim/normal.pal,317_sacolim/shiny.pal,317_sacolim/candidate_profile.json
318,Garrafão,water/poison,Recyclable,Arauna Rivers,"Garrafão lives in Arauna Rivers. This Water/Poison POKéMON embodies a part of Brazil's nature, folklore, or culture.",74,76,73,75,72,78,Torrente | Corpo Molhado,,Garrafa PET,procedural-concept-front-and-back,missing-created-from-dex-data,318_garrafao,318_garrafao/anim_front.png,318_garrafao/back.png,318_garrafao/icon.png,318_garrafao/normal.pal,318_garrafao/shiny.pal,318_garrafao/candidate_profile.json
319,Netzero,flying/poison,Recyclable,Arauna Coast,"Netzero, the Recyclable POKéMON, inhabits Arauna Coast. Its Flying/Poison nature reflects Brazil's wildlife and legends.",67,83,69,75,72,78,Vista Aguçada | Vento Veloz,,Ave de resíduos plásticos,procedural-concept-front-and-back,missing-created-from-dex-data,319_netzero,319_netzero/anim_front.png,319_netzero/back.png,319_netzero/icon.png,319_netzero/normal.pal,319_netzero/shiny.pal,319_netzero/candidate_profile.json
320,Pilhoso,electric/poison,Battery,Arauna Cities,"Found in Arauna Cities, Pilhoso is known as the Battery POKéMON. It carries a distinct Electric/Poison affinity.",71,79,71,75,72,78,Estática | Motor Elétrico,,Bateria descarregada,procedural-concept-front-and-back,missing-created-from-dex-data,320_pilhoso,320_pilhoso/anim_front.png,320_pilhoso/back.png,320_pilhoso/icon.png,320_pilhoso/normal.pal,320_pilhoso/shiny.pal,320_pilhoso/candidate_profile.json
321,Cabofio,electric/steel,Wire,Arauna Cities,"Cabofio lives in Arauna Cities. This Electric/Steel POKéMON embodies a part of Brazil's nature, folklore, or culture.",75,75,73,75,72,78,Estática | Motor Elétrico,,Emaranhado de fios,procedural-concept-front-and-back,missing-created-from-dex-data,321_cabofio,321_cabofio/anim_front.png,321_cabofio/back.png,321_cabofio/icon.png,321_cabofio/normal.pal,321_cabofio/shiny.pal,321_cabofio/candidate_profile.json
322,Bugão,bug/dark,Pest,Arauna Cities,"Bugão, the Pest POKéMON, inhabits Arauna Cities. Its Bug/Dark nature reflects Brazil's wildlife and legends.",68,82,70,75,72,78,Enxame | Olho Composto,,Insetão urbano,procedural-concept-front-and-back,missing-created-from-dex-data,322_bugao,322_bugao/anim_front.png,322_bugao/back.png,322_bugao/icon.png,322_bugao/normal.pal,322_bugao/shiny.pal,322_bugao/candidate_profile.json
323,Aluminio,steel/flying,Metal,Arauna Cities,"Found in Arauna Cities, Aluminio is known as the Metal POKéMON. It carries a distinct Steel/Flying affinity.",72,78,72,75,72,78,Corpo Metálico | Ponto Fraco,,Papel-alumínio,procedural-concept-front-and-back,missing-created-from-dex-data,323_aluminio,323_aluminio/anim_front.png,323_aluminio/back.png,323_aluminio/icon.png,323_aluminio/normal.pal,323_aluminio/shiny.pal,323_aluminio/candidate_profile.json
324,Concretim,rock/steel,Cement,Arauna Cities,"Concretim lives in Arauna Cities. This Rock/Steel POKéMON embodies a part of Brazil's nature, folklore, or culture.",76,74,74,75,72,78,Corpo Rochoso | Poeira,,Bloco de concreto,procedural-concept-front-and-back,missing-created-from-dex-data,324_concretim,324_concretim/anim_front.png,324_concretim/back.png,324_concretim/icon.png,324_concretim/normal.pal,324_concretim/shiny.pal,324_concretim/candidate_profile.json
325,Bueiro,water/dark,Sewer,Arauna Cities,"Bueiro, the Sewer POKéMON, inhabits Arauna Cities. Its Water/Dark nature reflects Brazil's wildlife and legends.",69,81,70,75,72,78,Torrente | Corpo Molhado,,Espírito do bueiro,procedural-concept-front-and-back,missing-created-from-dex-data,325_bueiro,325_bueiro/anim_front.png,325_bueiro/back.png,325_bueiro/icon.png,325_bueiro/normal.pal,325_bueiro/shiny.pal,325_bueiro/candidate_profile.json
326,Sinal,electric/psychic,Signal,Arauna Cities,"Found in Arauna Cities, Sinal is known as the Signal POKéMON. It carries a distinct Electric/Psychic affinity.",73,77,72,75,72,78,Estática | Motor Elétrico,,Semáforo assombrado,procedural-concept-front-and-back,missing-created-from-dex-data,326_sinal,326_sinal/anim_front.png,326_sinal/back.png,326_sinal/icon.png,326_sinal/normal.pal,326_sinal/shiny.pal,326_sinal/candidate_profile.json
327,Poste,steel/electric,Lighting,Arauna Cities,"Poste lives in Arauna Cities. This Steel/Electric POKéMON embodies a part of Brazil's nature, folklore, or culture.",77,73,74,75,72,78,Corpo Metálico | Ponto Fraco,,Poste ambulante,procedural-concept-front-and-back,missing-created-from-dex-data,327_poste,327_poste/anim_front.png,327_poste/back.png,327_poste/icon.png,327_poste/normal.pal,327_poste/shiny.pal,327_poste/candidate_profile.json
328,Grafiteiro,dark/fairy,Art,Arauna Cities,"Grafiteiro, the Art POKéMON, inhabits Arauna Cities. Its Dark/Fairy nature reflects Brazil's wildlife and legends.",70,80,71,75,72,78,Intimidação | Cara de Mau,,Espírito grafite,procedural-concept-front-and-back,missing-created-from-dex-data,328_grafiteiro,328_grafiteiro/anim_front.png,328_grafiteiro/back.png,328_grafiteiro/icon.png,328_grafiteiro/normal.pal,328_grafiteiro/shiny.pal,328_grafiteiro/candidate_profile.json
329,Guaraciana,fire/fairy,Sun,Arauna Highlands,"Found in Arauna Highlands, Guaraciana is known as the Sun POKéMON. It carries a distinct Fire/Fairy affinity.",97,108,96,110,100,95,Chama | Corpo Flamejante,,Rainha do sol,procedural-concept-front-and-back,missing-created-from-dex-data,329_guaraciana,329_guaraciana/anim_front.png,329_guaraciana/back.png,329_guaraciana/icon.png,329_guaraciana/normal.pal,329_guaraciana/shiny.pal,329_guaraciana/candidate_profile.json
330,Jaciana,fairy/water,Moon,Arauna Highlands,"Jaciana lives in Arauna Highlands. This Fairy/Water POKéMON embodies a part of Brazil's nature, folklore, or culture.",90,115,92,110,100,95,Encanto | Véu Mágico,,Rainha da lua,procedural-concept-front-and-back,missing-created-from-dex-data,330_jaciana,330_jaciana/anim_front.png,330_jaciana/back.png,330_jaciana/icon.png,330_jaciana/normal.pal,330_jaciana/shiny.pal,330_jaciana/candidate_profile.json
331,Tupanaú,electric/dragon,Thunder,Arauna Highlands,"Tupanaú, the Thunder POKéMON, inhabits Arauna Highlands. Its Electric/Dragon nature reflects Brazil's wildlife and legends.",94,111,94,110,100,95,Estática | Motor Elétrico,,Tupã ancestral,procedural-concept-front-and-back,missing-created-from-dex-data,331_tupanau,331_tupanau/anim_front.png,331_tupanau/back.png,331_tupanau/icon.png,331_tupanau/normal.pal,331_tupanau/shiny.pal,331_tupanau/candidate_profile.json
332,Iaraú,water/fairy,Supreme,Arauna Amazon,"Found in Arauna Amazon, Iaraú is known as the Supreme POKéMON. It carries a distinct Water/Fairy affinity.",98,107,96,110,100,95,Torrente | Corpo Molhado,,Iara suprema,procedural-concept-front-and-back,missing-created-from-dex-data,332_iarau,332_iarau/anim_front.png,332_iarau/back.png,332_iarau/icon.png,332_iarau/normal.pal,332_iarau/shiny.pal,332_iarau/candidate_profile.json
333,Kuarahy,fire/psychic,Sun,Arauna Highlands,"Kuarahy lives in Arauna Highlands. This Fire/Psychic POKéMON embodies a part of Brazil's nature, folklore, or culture.",91,114,93,110,100,95,Chama | Corpo Flamejante,,Sol tupi ancestral,procedural-concept-front-and-back,missing-created-from-dex-data,333_kuarahy,333_kuarahy/anim_front.png,333_kuarahy/back.png,333_kuarahy/icon.png,333_kuarahy/normal.pal,333_kuarahy/shiny.pal,333_kuarahy/candidate_profile.json
334,Yasy,fairy/dark,Moon,Arauna Highlands,"Yasy, the Moon POKéMON, inhabits Arauna Highlands. Its Fairy/Dark nature reflects Brazil's wildlife and legends.",95,110,95,110,100,95,Encanto | Véu Mágico,,Lua tupi ancestral,procedural-concept-front-and-back,missing-created-from-dex-data,334_yasy,334_yasy/anim_front.png,334_yasy/back.png,334_yasy/icon.png,334_yasy/normal.pal,334_yasy/shiny.pal,334_yasy/candidate_profile.json
335,Rudarauna,fairy/psychic,Love,Arauna Coast,"Found in Arauna Coast, Rudarauna is known as the Love POKéMON. It carries a distinct Fairy/Psychic affinity.",99,106,97,110,100,95,Encanto | Véu Mágico,,Rudá ancestral,procedural-concept-front-and-back,missing-created-from-dex-data,335_rudarauna,335_rudarauna/anim_front.png,335_rudarauna/back.png,335_rudarauna/icon.png,335_rudarauna/normal.pal,335_rudarauna/shiny.pal,335_rudarauna/candidate_profile.json
336,Perybé,water/psychic,River,Arauna Amazon,"Perybé lives in Arauna Amazon. This Water/Psychic POKéMON embodies a part of Brazil's nature, folklore, or culture.",92,113,93,110,100,95,Torrente | Corpo Molhado,,Espírito das águas,procedural-concept-front-and-back,missing-created-from-dex-data,336_perybe,336_perybe/anim_front.png,336_perybe/back.png,336_perybe/icon.png,336_perybe/normal.pal,336_perybe/shiny.pal,336_perybe/candidate_profile.json
337,Arauanaú,fairy/dragon,Guardian,Arauna Highlands,"Arauanaú, the Guardian POKéMON, inhabits Arauna Highlands. Its Fairy/Dragon nature reflects Brazil's wildlife and legends.",96,109,95,110,100,95,Encanto | Véu Mágico,,Guardião de Arauana,procedural-concept-front-and-back,missing-created-from-dex-data,337_arauanau,337_arauanau/anim_front.png,337_arauanau/back.png,337_arauanau/icon.png,337_arauanau/normal.pal,337_arauanau/shiny.pal,337_arauanau/candidate_profile.json
338,Verdejante,grass/dragon,Verdant,Arauna Amazon,"Found in Arauna Amazon, Verdejante is known as the Verdant POKéMON. It carries a distinct Grass/Dragon affinity.",100,105,97,110,100,95,Espessura | Colheita,,Espírito da mata,procedural-concept-front-and-back,missing-created-from-dex-data,338_verdejante,338_verdejante/anim_front.png,338_verdejante/back.png,338_verdejante/icon.png,338_verdejante/normal.pal,338_verdejante/shiny.pal,338_verdejante/candidate_profile.json
339,Chuvão,water/electric,Storm,Arauna Highlands,"Chuvão lives in Arauna Highlands. This Water/Electric POKéMON embodies a part of Brazil's nature, folklore, or culture.",93,112,94,110,100,95,Torrente | Corpo Molhado,,Espírito da chuva,procedural-concept-front-and-back,missing-created-from-dex-data,339_chuvao,339_chuvao/anim_front.png,339_chuvao/back.png,339_chuvao/icon.png,339_chuvao/normal.pal,339_chuvao/shiny.pal,339_chuvao/candidate_profile.json
340,Solzão,fire/ground,Drought,Arauna Caatinga,"Solzão, the Drought POKéMON, inhabits Arauna Caatinga. Its Fire/Ground nature reflects Brazil's wildlife and legends.",97,108,96,110,100,95,Chama | Corpo Flamejante,,Espírito da seca,procedural-concept-front-and-back,missing-created-from-dex-data,340_solzao,340_solzao/anim_front.png,340_solzao/back.png,340_solzao/icon.png,340_solzao/normal.pal,340_solzao/shiny.pal,340_solzao/candidate_profile.json
341,Ventania,flying/dragon,Wind,Arauna Cerrado,"Found in Arauna Cerrado, Ventania is known as the Wind POKéMON. It carries a distinct Flying/Dragon affinity.",90,115,92,110,100,95,Vista Aguçada | Vento Veloz,,Espírito do vento,procedural-concept-front-and-back,missing-created-from-dex-data,341_ventania,341_ventania/anim_front.png,341_ventania/back.png,341_ventania/icon.png,341_ventania/normal.pal,341_ventania/shiny.pal,341_ventania/candidate_profile.json
342,Terraão,ground/rock,Earth,Arauna Plateaus,"Terraão lives in Arauna Plateaus. This Ground/Rock POKéMON embodies a part of Brazil's nature, folklore, or culture.",94,111,94,110,100,95,Escavador | Nuvem de Areia,,Espírito da terra,procedural-concept-front-and-back,missing-created-from-dex-data,342_terraao,342_terraao/anim_front.png,342_terraao/back.png,342_terraao/icon.png,342_terraao/normal.pal,342_terraao/shiny.pal,342_terraao/candidate_profile.json
343,Fogaréu,fire/dragon,Fire,Arauna Highlands,"Fogaréu, the Fire POKéMON, inhabits Arauna Highlands. Its Fire/Dragon nature reflects Brazil's wildlife and legends.",98,107,96,110,100,95,Chama | Corpo Flamejante,,Espírito do fogo,procedural-concept-front-and-back,missing-created-from-dex-data,343_fogareu,343_fogareu/anim_front.png,343_fogareu/back.png,343_fogareu/icon.png,343_fogareu/normal.pal,343_fogareu/shiny.pal,343_fogareu/candidate_profile.json
344,Marulho,water/dragon,Sea,Arauna Coast,"Found in Arauna Coast, Marulho is known as the Sea POKéMON. It carries a distinct Water/Dragon affinity.",91,114,93,110,100,95,Torrente | Corpo Molhado,,Espírito do mar,procedural-concept-front-and-back,missing-created-from-dex-data,344_marulho,344_marulho/anim_front.png,344_marulho/back.png,344_marulho/icon.png,344_marulho/normal.pal,344_marulho/shiny.pal,344_marulho/candidate_profile.json
345,Alvorecer,fairy/fire,Dawn,Arauna Coast,"Alvorecer lives in Arauna Coast. This Fairy/Fire POKéMON embodies a part of Brazil's nature, folklore, or culture.",95,110,95,110,100,95,Encanto | Véu Mágico,,Espírito da aurora,procedural-concept-front-and-back,missing-created-from-dex-data,345_alvorecer,345_alvorecer/anim_front.png,345_alvorecer/back.png,345_alvorecer/icon.png,345_alvorecer/normal.pal,345_alvorecer/shiny.pal,345_alvorecer/candidate_profile.json
346,Poente,dark/fire,Twilight,Arauna Coast,"Poente, the Twilight POKéMON, inhabits Arauna Coast. Its Dark/Fire nature reflects Brazil's wildlife and legends.",99,106,97,110,100,95,Intimidação | Cara de Mau,,Espírito do entardecer,procedural-concept-front-and-back,missing-created-from-dex-data,346_poente,346_poente/anim_front.png,346_poente/back.png,346_poente/icon.png,346_poente/normal.pal,346_poente/shiny.pal,346_poente/candidate_profile.json
347,Estrelinha,fairy/psychic,Star,Arauna Highlands,"Found in Arauna Highlands, Estrelinha is known as the Star POKéMON. It carries a distinct Fairy/Psychic affinity.",97,123,98,120,110,100,Encanto | Véu Mágico,,Espírito da estrela,procedural-concept-front-and-back,missing-created-from-dex-data,347_estrelinha,347_estrelinha/anim_front.png,347_estrelinha/back.png,347_estrelinha/icon.png,347_estrelinha/normal.pal,347_estrelinha/shiny.pal,347_estrelinha/candidate_profile.json
348,Arauanamon,dragon/fairy,Divine,Arauna Highlands,"Arauanamon lives in Arauna Highlands. This Dragon/Fairy POKéMON embodies a part of Brazil's nature, folklore, or culture.",101,119,100,120,110,100,Escama Dracônica | Presságio,,Guardião supremo,procedural-concept-front-and-back,missing-created-from-dex-data,348_arauanamon,348_arauanamon/anim_front.png,348_arauanamon/back.png,348_arauanamon/icon.png,348_arauanamon/normal.pal,348_arauanamon/shiny.pal,348_arauanamon/candidate_profile.json
349,Aracuã,flying/normal,Alarm,Arauna Cerrado,"Aracuã, the Alarm POKéMON, inhabits Arauna Cerrado. Its Flying/Normal nature reflects Brazil's wildlife and legends.",77,73,74,75,72,78,Vista Aguçada | Vento Veloz,,Ave aracuã,procedural-concept-front-and-back,missing-created-from-dex-data,349_aracua,349_aracua/anim_front.png,349_aracua/back.png,349_aracua/icon.png,349_aracua/normal.pal,349_aracua/shiny.pal,349_aracua/candidate_profile.json
350,Bugio,normal/dark,Howler,Arauna Amazon,"Found in Arauna Amazon, Bugio is known as the Howler POKéMON. It carries a distinct Normal/Dark affinity.",70,80,71,75,72,78,Faro | Placidez,,Macaco bugio,procedural-concept-front-and-back,missing-created-from-dex-data,350_bugio,350_bugio/anim_front.png,350_bugio/back.png,350_bugio/icon.png,350_bugio/normal.pal,350_bugio/shiny.pal,350_bugio/candidate_profile.json
351,Tuim,grass,Parakeet,Arauna Cerrado,"Tuim lives in Arauna Cerrado. This Grass POKéMON embodies a part of Brazil's nature, folklore, or culture.",45,50,45,55,50,60,Espessura | Vento Veloz,#352 (Level 18),Tuim (Forpus xanthopterygius),procedural-concept-front-and-back,missing-created-from-dex-data,351_tuim,351_tuim/anim_front.png,351_tuim/back.png,351_tuim/icon.png,351_tuim/normal.pal,351_tuim/shiny.pal,351_tuim/candidate_profile.json
352,Periquitão,grass/flying,Parakeet,Arauna Cerrado,"Periquitão, the Parakeet POKéMON, inhabits Arauna Cerrado. Its Grass/Flying nature reflects Brazil's wildlife and legends.",65,70,62,80,72,90,Espessura | Vento Veloz,#353 (Level 34),Maritaca,procedural-concept-front-and-back,missing-created-from-dex-data,352_periquitao,352_periquitao/anim_front.png,352_periquitao/back.png,352_periquitao/icon.png,352_periquitao/normal.pal,352_periquitao/shiny.pal,352_periquitao/candidate_profile.json
353,Ararunão,grass/flying,Macaw,Arauna Amazon,"Found in Arauna Amazon, Ararunão is known as the Macaw POKéMON. It carries a distinct Grass/Flying affinity.",90,105,88,115,95,105,Espessura | Presságio,,Arara-azul,procedural-concept-front-and-back,missing-created-from-dex-data,353_ararunao,353_ararunao/anim_front.png,353_ararunao/back.png,353_ararunao/icon.png,353_ararunao/normal.pal,353_ararunao/shiny.pal,353_ararunao/candidate_profile.json
354,Preazinho,normal,Rodent,Arauna Pampas,"Preazinho lives in Arauna Pampas. This Normal POKéMON embodies a part of Brazil's nature, folklore, or culture.",55,48,55,45,55,70,Fuga | Placidez,#355 (Level 22),Preá (Cavia aperea),procedural-concept-front-and-back,missing-created-from-dex-data,354_preazinho,354_preazinho/anim_front.png,354_preazinho/back.png,354_preazinho/icon.png,354_preazinho/normal.pal,354_preazinho/shiny.pal,354_preazinho/candidate_profile.json
355,Capivarão,normal/water,Capybara,Arauna Rivers,"Capivarão, the Capybara POKéMON, inhabits Arauna Rivers. Its Normal/Water nature reflects Brazil's wildlife and legends.",110,90,85,80,90,55,Espessura | Corpo Molhado,,Capivara,procedural-concept-front-and-back,missing-created-from-dex-data,355_capivarao,355_capivarao/anim_front.png,355_capivarao/back.png,355_capivarao/icon.png,355_capivarao/normal.pal,355_capivarao/shiny.pal,355_capivarao/candidate_profile.json
356,Tamanduí,bug,Anthill,Arauna Cerrado,"Found in Arauna Cerrado, Tamanduí is known as the Anthill POKéMON. It carries a distinct Bug affinity.",50,60,55,45,55,55,Enxame | Faro,#357 (Level 20),Tamanduá-mirim,procedural-concept-front-and-back,missing-created-from-dex-data,356_tamandui,356_tamandui/anim_front.png,356_tamandui/back.png,356_tamandui/icon.png,356_tamandui/normal.pal,356_tamandui/shiny.pal,356_tamandui/candidate_profile.json
357,Tamanduá,bug/ground,Anthill,Arauna Cerrado,"Tamanduá lives in Arauna Cerrado. This Bug/Ground POKéMON embodies a part of Brazil's nature, folklore, or culture.",75,90,72,60,75,68,Enxame | Faro,#358 (Level 40),Tamanduá-bandeira,procedural-concept-front-and-back,missing-created-from-dex-data,357_tamandua,357_tamandua/anim_front.png,357_tamandua/back.png,357_tamandua/icon.png,357_tamandua/normal.pal,357_tamandua/shiny.pal,357_tamandua/candidate_profile.json
358,Tamanduão,bug/ground,Devourer,Arauna Cerrado,"Tamanduão, the Devourer POKéMON, inhabits Arauna Cerrado. Its Bug/Ground nature reflects Brazil's wildlife and legends.",100,120,95,70,85,75,Enxame | Intimidação,,Tamanduá-bandeira ancestral,procedural-concept-front-and-back,missing-created-from-dex-data,358_tamanduao,358_tamanduao/anim_front.png,358_tamanduao/back.png,358_tamanduao/icon.png,358_tamanduao/normal.pal,358_tamanduao/shiny.pal,358_tamanduao/candidate_profile.json
359,Preguicinha,grass,Slow,Arauna Amazon,"Found in Arauna Amazon, Preguicinha is known as the Slow POKéMON. It carries a distinct Grass affinity.",60,40,60,50,60,15,Placidez | Colheita,#360 (Level 25),Preguiça-bicho,procedural-concept-front-and-back,missing-created-from-dex-data,359_preguicinha,359_preguicinha/anim_front.png,359_preguicinha/back.png,359_preguicinha/icon.png,359_preguicinha/normal.pal,359_preguicinha/shiny.pal,359_preguicinha/candidate_profile.json
360,Preguiçoso,grass/psychic,Zen,Arauna Amazon,"Preguiçoso lives in Arauna Amazon. This Grass/Psychic POKéMON embodies a part of Brazil's nature, folklore, or culture.",110,80,90,105,110,25,Placidez | Colheita,,Preguiça adulta,procedural-concept-front-and-back,missing-created-from-dex-data,360_preguicoso,360_preguicoso/anim_front.png,360_preguicoso/back.png,360_preguicoso/icon.png,360_preguicoso/normal.pal,360_preguicoso/shiny.pal,360_preguicoso/candidate_profile.json
361,Beija-Flor,fairy/flying,Hummingbird,Arauna Cerrado,"Beija-Flor, the Hummingbird POKéMON, inhabits Arauna Cerrado. Its Fairy/Flying nature reflects Brazil's wildlife and legends.",45,55,42,70,55,110,Encanto | Vento Veloz,#362 (Level 20),Beija-flor,procedural-concept-front-and-back,missing-created-from-dex-data,361_beija-flor,361_beija-flor/anim_front.png,361_beija-flor/back.png,361_beija-flor/icon.png,361_beija-flor/normal.pal,361_beija-flor/shiny.pal,361_beija-flor/candidate_profile.json
362,Beija-Luz,fairy/fire,Hummingbird,Arauna Cerrado,"Found in Arauna Cerrado, Beija-Luz is known as the Hummingbird POKéMON. It carries a distinct Fairy/Fire affinity.",65,75,60,90,72,120,Encanto | Corpo Flamejante,#363 (Level 40),Beija-flor de fogo,procedural-concept-front-and-back,missing-created-from-dex-data,362_beija-luz,362_beija-luz/anim_front.png,362_beija-luz/back.png,362_beija-luz/icon.png,362_beija-luz/normal.pal,362_beija-luz/shiny.pal,362_beija-luz/candidate_profile.json
363,Beija-Sol,fairy/fire,Sun,Arauna Highlands,"Beija-Sol lives in Arauna Highlands. This Fairy/Fire POKéMON embodies a part of Brazil's nature, folklore, or culture.",85,105,80,120,95,125,Chama | Encanto,,Beija-flor mítico,procedural-concept-front-and-back,missing-created-from-dex-data,363_beija-sol,363_beija-sol/anim_front.png,363_beija-sol/back.png,363_beija-sol/icon.png,363_beija-sol/normal.pal,363_beija-sol/shiny.pal,363_beija-sol/candidate_profile.json
364,Sarará,fairy/water,Curly-Hair,Arauna Coast,"Sarará, the Curly-Hair POKéMON, inhabits Arauna Coast. Its Fairy/Water nature reflects Brazil's wildlife and legends.",75,60,72,90,95,80,Encanto | Corpo Molhado,,Sarará (folclore),procedural-concept-front-and-back,missing-created-from-dex-data,364_sarara,364_sarara/anim_front.png,364_sarara/back.png,364_sarara/icon.png,364_sarara/normal.pal,364_sarara/shiny.pal,364_sarara/candidate_profile.json
365,Cambota,fighting/normal,Capoeira,Arauna Cities,"Found in Arauna Cities, Cambota is known as the Capoeira POKéMON. It carries a distinct Fighting/Normal affinity.",80,105,75,55,70,100,Determinação | Ritmo,,Capoeirista,procedural-concept-front-and-back,missing-created-from-dex-data,365_cambota,365_cambota/anim_front.png,365_cambota/back.png,365_cambota/icon.png,365_cambota/normal.pal,365_cambota/shiny.pal,365_cambota/candidate_profile.json
366,Berimbau,fairy/fighting,Instrument,Arauna Cities,"Berimbau lives in Arauna Cities. This Fairy/Fighting POKéMON embodies a part of Brazil's nature, folklore, or culture.",75,85,70,95,90,90,Encanto | Ritmo,,Berimbau,procedural-concept-front-and-back,missing-created-from-dex-data,366_berimbau,366_berimbau/anim_front.png,366_berimbau/back.png,366_berimbau/icon.png,366_berimbau/normal.pal,366_berimbau/shiny.pal,366_berimbau/candidate_profile.json
367,Atabaque,fighting/ground,Drum,Arauna Cities,"Atabaque, the Drum POKéMON, inhabits Arauna Cities. Its Fighting/Ground nature reflects Brazil's wildlife and legends.",95,110,95,60,85,50,Determinação | Ritmo,,Atabaque,procedural-concept-front-and-back,missing-created-from-dex-data,367_atabaque,367_atabaque/anim_front.png,367_atabaque/back.png,367_atabaque/icon.png,367_atabaque/normal.pal,367_atabaque/shiny.pal,367_atabaque/candidate_profile.json
368,Pandeirim,fairy/normal,Rhythm,Arauna Cities,"Found in Arauna Cities, Pandeirim is known as the Rhythm POKéMON. It carries a distinct Fairy/Normal affinity.",65,60,60,85,80,110,Encanto | Ritmo,,Pandeiro,procedural-concept-front-and-back,missing-created-from-dex-data,368_pandeirim,368_pandeirim/anim_front.png,368_pandeirim/back.png,368_pandeirim/icon.png,368_pandeirim/normal.pal,368_pandeirim/shiny.pal,368_pandeirim/candidate_profile.json
369,Sanfoninha,normal/fairy,Bellows,Arauna Backlands,"Sanfoninha lives in Arauna Backlands. This Normal/Fairy POKéMON embodies a part of Brazil's nature, folklore, or culture.",85,65,75,110,105,70,Encanto | Placidez,,Sanfona nordestina,procedural-concept-front-and-back,missing-created-from-dex-data,369_sanfoninha,369_sanfoninha/anim_front.png,369_sanfoninha/back.png,369_sanfoninha/icon.png,369_sanfoninha/normal.pal,369_sanfoninha/shiny.pal,369_sanfoninha/candidate_profile.json
370,Violeiro,grass/fairy,Viola,Arauna Backlands,"Violeiro, the Viola POKéMON, inhabits Arauna Backlands. Its Grass/Fairy nature reflects Brazil's wildlife and legends.",80,85,78,105,95,80,Colheita | Encanto,,Viola caipira,procedural-concept-front-and-back,missing-created-from-dex-data,370_violeiro,370_violeiro/anim_front.png,370_violeiro/back.png,370_violeiro/icon.png,370_violeiro/normal.pal,370_violeiro/shiny.pal,370_violeiro/candidate_profile.json
371,Zabumba,ground/fighting,Forro,Arauna Backlands,"Found in Arauna Backlands, Zabumba is known as the Forro POKéMON. It carries a distinct Ground/Fighting affinity.",105,105,90,70,90,55,Determinação | Ritmo,,Zabumba,procedural-concept-front-and-back,missing-created-from-dex-data,371_zabumba,371_zabumba/anim_front.png,371_zabumba/back.png,371_zabumba/icon.png,371_zabumba/normal.pal,371_zabumba/shiny.pal,371_zabumba/candidate_profile.json
372,Cordelim,psychic/fairy,Poet,Arauna Backlands,"Cordelim lives in Arauna Backlands. This Psychic/Fairy POKéMON embodies a part of Brazil's nature, folklore, or culture.",70,55,65,110,95,90,Presságio | Encanto,,Literatura de cordel,procedural-concept-front-and-back,missing-created-from-dex-data,372_cordelim,372_cordelim/anim_front.png,372_cordelim/back.png,372_cordelim/icon.png,372_cordelim/normal.pal,372_cordelim/shiny.pal,372_cordelim/candidate_profile.json
373,Rendeira,fairy/bug,Lace,Arauna Coast,"Rendeira, the Lace POKéMON, inhabits Arauna Coast. Its Fairy/Bug nature reflects Brazil's wildlife and legends.",75,60,80,105,110,85,Encanto | Enxame,,Rendeira do litoral,procedural-concept-front-and-back,missing-created-from-dex-data,373_rendeira,373_rendeira/anim_front.png,373_rendeira/back.png,373_rendeira/icon.png,373_rendeira/normal.pal,373_rendeira/shiny.pal,373_rendeira/candidate_profile.json
374,Escamoso,water/dark,Fish,Arauna Rivers,"Found in Arauna Rivers, Escamoso is known as the Fish POKéMON. It carries a distinct Water/Dark affinity.",85,95,88,70,80,80,Torrente | Intimidação,,Pirarara,procedural-concept-front-and-back,missing-created-from-dex-data,374_escamoso,374_escamoso/anim_front.png,374_escamoso/back.png,374_escamoso/icon.png,374_escamoso/normal.pal,374_escamoso/shiny.pal,374_escamoso/candidate_profile.json
375,Piranhita,water/dark,Schooling,Arauna Rivers,"Piranhita lives in Arauna Rivers. This Water/Dark POKéMON embodies a part of Brazil's nature, folklore, or culture.",55,90,50,55,50,95,Torrente | Enxame,,Piranha,procedural-concept-front-and-back,missing-created-from-dex-data,375_piranhita,375_piranhita/anim_front.png,375_piranhita/back.png,375_piranhita/icon.png,375_piranhita/normal.pal,375_piranhita/shiny.pal,375_piranhita/candidate_profile.json
376,Boitatã,fire/dragon,Serpent,Arauna Cerrado,"Boitatã, the Serpent POKéMON, inhabits Arauna Cerrado. Its Fire/Dragon nature reflects Brazil's wildlife and legends.",100,130,90,130,90,110,Chama | Escama Dracônica,,Boitatá (lenda),procedural-concept-front-and-back,missing-created-from-dex-data,376_boitata,376_boitata/anim_front.png,376_boitata/back.png,376_boitata/icon.png,376_boitata/normal.pal,376_boitata/shiny.pal,376_boitata/candidate_profile.json
377,Piraruaçu,water/dragon,River,Arauna Amazon,"Found in Arauna Amazon, Piraruaçu is known as the River POKéMON. It carries a distinct Water/Dragon affinity.",130,110,100,110,100,80,Torrente | Escama Dracônica,,Pirarucu mítico,procedural-concept-front-and-back,missing-created-from-dex-data,377_piraruacu,377_piraruacu/anim_front.png,377_piraruacu/back.png,377_piraruacu/icon.png,377_piraruacu/normal.pal,377_piraruacu/shiny.pal,377_piraruacu/candidate_profile.json
378,Mata-Mata,grass/dragon,Guardian,Arauna Amazon,"Mata-Mata lives in Arauna Amazon. This Grass/Dragon POKéMON embodies a part of Brazil's nature, folklore, or culture.",140,95,140,95,120,50,Espessura | Escama Dracônica,,Mata-matá (tartaruga),procedural-concept-front-and-back,missing-created-from-dex-data,378_mata-mata,378_mata-mata/anim_front.png,378_mata-mata/back.png,378_mata-mata/icon.png,378_mata-mata/normal.pal,378_mata-mata/shiny.pal,378_mata-mata/candidate_profile.json
379,Solaris,fire/psychic,Celestial,Arauna Highlands,"Solaris, the Celestial POKéMON, inhabits Arauna Highlands. Its Fire/Psychic nature reflects Brazil's wildlife and legends.",100,120,100,140,110,100,Chama | Presságio,,Sol personificado,procedural-concept-front-and-back,missing-created-from-dex-data,379_solaris,379_solaris/anim_front.png,379_solaris/back.png,379_solaris/icon.png,379_solaris/normal.pal,379_solaris/shiny.pal,379_solaris/candidate_profile.json
380,Selenê,dark/psychic,Celestial,Arauna Highlands,"Found in Arauna Highlands, Selenê is known as the Celestial POKéMON. It carries a distinct Dark/Psychic affinity.",100,100,120,140,120,90,Encanto | Presságio,,Lua personificada,procedural-concept-front-and-back,missing-created-from-dex-data,380_selene,380_selene/anim_front.png,380_selene/back.png,380_selene/icon.png,380_selene/normal.pal,380_selene/shiny.pal,380_selene/candidate_profile.json
381,Zumbi-Rei,fighting/dark,Quilombo,Arauna Cities,"Zumbi-Rei lives in Arauna Cities. This Fighting/Dark POKéMON embodies a part of Brazil's nature, folklore, or culture.",110,135,105,90,105,110,Determinação | Intimidação,,Zumbi dos Palmares,procedural-concept-front-and-back,missing-created-from-dex-data,381_zumbi-rei,381_zumbi-rei/anim_front.png,381_zumbi-rei/back.png,381_zumbi-rei/icon.png,381_zumbi-rei/normal.pal,381_zumbi-rei/shiny.pal,381_zumbi-rei/candidate_profile.json
382,Iemanjã,water/fairy,Queen,Arauna Coast,"Iemanjã, the Queen POKéMON, inhabits Arauna Coast. Its Water/Fairy nature reflects Brazil's wildlife and legends.",120,105,110,140,130,90,Torrente | Encanto,,Iemanjá (orixá),procedural-concept-front-and-back,missing-created-from-dex-data,382_iemanja,382_iemanja/anim_front.png,382_iemanja/back.png,382_iemanja/icon.png,382_iemanja/normal.pal,382_iemanja/shiny.pal,382_iemanja/candidate_profile.json
383,Oxumará,dragon/fairy,Rainbow,Arauna Coast,"Found in Arauna Coast, Oxumará is known as the Rainbow POKéMON. It carries a distinct Dragon/Fairy affinity.",100,115,100,135,120,125,Escama Dracônica | Encanto,,Oxumaré (orixá),procedural-concept-front-and-back,missing-created-from-dex-data,383_oxumara,383_oxumara/anim_front.png,383_oxumara/back.png,383_oxumara/icon.png,383_oxumara/normal.pal,383_oxumara/shiny.pal,383_oxumara/candidate_profile.json
384,Curupixel,grass/fairy,Mythical,Arauna Amazon,"Curupixel lives in Arauna Amazon. This Grass/Fairy POKéMON embodies a part of Brazil's nature, folklore, or culture.",95,115,95,115,115,110,Espessura | Presságio,,Curupira infantil,procedural-concept-front-and-back,missing-created-from-dex-data,384_curupixel,384_curupixel/anim_front.png,384_curupixel/back.png,384_curupixel/icon.png,384_curupixel/normal.pal,384_curupixel/shiny.pal,384_curupixel/candidate_profile.json
385,Sacinho,dark/fairy,Mythical,Arauna Cerrado,"Sacinho, the Mythical POKéMON, inhabits Arauna Cerrado. Its Dark/Fairy nature reflects Brazil's wildlife and legends.",95,110,95,115,115,120,Vento Veloz | Presságio,,Saci recém-nascido,procedural-concept-front-and-back,missing-created-from-dex-data,385_sacinho,385_sacinho/anim_front.png,385_sacinho/back.png,385_sacinho/icon.png,385_sacinho/normal.pal,385_sacinho/shiny.pal,385_sacinho/candidate_profile.json
386,Arauá,dragon/psychic,Origin,Arauna Highlands,"Found in Arauna Highlands, Arauá is known as the Origin POKéMON. It carries a distinct Dragon/Psychic affinity.",120,120,120,120,120,120,Presságio | Escama Dracônica,,Alma primordial de Arauana,procedural-concept-front-and-back,missing-created-from-dex-data,386_araua,386_araua/anim_front.png,386_araua/back.png,386_araua/icon.png,386_araua/normal.pal,386_araua/shiny.pal,386_araua/candidate_profile.json
